authorMeta.avatar,authorMeta.name,text,diggCount,shareCount,playCount,commentCount,collectCount,videoMeta.duration,musicMeta.musicName,musicMeta.musicAuthor,musicMeta.musicOriginal,createTimeISO,webVideoUrl
tos-alisg-avt-0068/73b132151ea52de8352216f3f6fa7b8d,panggilakubambang,buah apa yg manis?,4264125,1553382,58122972,70373,270990,14.081,suara asli - AdindaBahlil,AdindaBahlil,False,2026-05-22T00:28:42.000Z,https://www.tiktok.com/@panggilakubambang/video/7642506528053841173
tos-alisg-avt-0068/f47305bc7c57d6325ad2b166115869f9,greatdani_,Tiba2 banget tau lagu MBG (Mas Bahlil Ganteng) ,988428,103581,27753452,9156,52337,26.6,suara asli - DANUL,DANUL,False,2026-05-26T04:10:00.000Z,https://www.tiktok.com/@greatdani_/video/7643850837470530837
tos-alisg-avt-0068/945097db720bd8185dce9299ba28c511,berbinar.onar,BUAHH LIL #streak #api #myboluketan #mbg #fyp ,1904387,17530580,26494076,11896,168422,16.045,suara asli - Binar Benar,Binar Benar,False,2026-05-24T17:22:25.000Z,https://www.tiktok.com/@berbinar.onar/video/7643509935711702290
tos-alisg-avt-0068/a543a1f85885dd497609b40cfae51184,vokaliz_netizen,ayooo ngaku siapa yang bikin lagu ini! @panggilakubambang #komentarnetizen#warga62#netizenindonesia#vokaliz_netizen #fyppppppppppppppppppppppppppppppppppp,1171432,155839,20513788,15975,69545,232.711,suara asli - VOKALIZ_NETIZEN,VOKALIZ_NETIZEN,False,2026-05-22T13:32:26.000Z,https://www.tiktok.com/@vokaliz_netizen/video/7642708501218839828
tos-alisg-avt-0068/6a851e8655ca61431c20a763b88aa17e,adindabahlil_,"Begitu rilis lagu Mas Bahlil Ganteng langsung tancap gas lewat Ditjen Gakkum ESDM buat sikat 7 lokasi tambang ilegal di berbagai pulau, plus langsung cabut izin belasan perusahaan nakal yang bikin negara potensi rugi Rp857,55 miliar. Definisi makin disanjung makin gacor, menyala Kandakuuuuu! #bahlil #bahlillahadalia #mbg #masbahlilganteng",1011888,140771,19845908,15370,30758,13.374,suara asli - AdindaBahlil,AdindaBahlil,False,2026-05-30T20:33:23.000Z,https://www.tiktok.com/@adindabahlil_/video/7645785662532095239
tos-alisg-avt-0068/6a851e8655ca61431c20a763b88aa17e,adindabahlil_,karaoke bareng dulu yuk! #bahlil #bahlillahadalia ,1186004,744825,19087469,24127,68631,17.019,suara asli - AdindaBahlil,AdindaBahlil,False,2026-05-13T08:07:14.000Z,https://www.tiktok.com/@adindabahlil_/video/7639284927279811847
tos-alisg-avt-0068/a543a1f85885dd497609b40cfae51184,vokaliz_netizen,kanda suka Dinda punya gaya #bahlillahadalia #menteri #pejabat #fyp #vokaliz_netizen ,1432262,508402,18958545,21549,118252,131.634,Kanda My little Bolu Ketan,VOKALIZ_NETIZEN,False,2026-04-29T12:55:17.000Z,https://www.tiktok.com/@vokaliz_netizen/video/7634163983158758664
tos-maliva-avt-0068/4abf0a9152478fb9b0197f0ec2a665d9,taylor.mantooth,MBG | #fyp #mbg #brazil ,1004421,343545,17068406,21534,39722,15.0,Mbg Mas Bahlil Ganteng,MR EWIK,False,2026-06-01T04:37:58.000Z,https://www.tiktok.com/@taylor.mantooth/video/7646281554498522399
tos-maliva-avt-0068/716c94347040ba52685799154d743092,daffaariqqqq,lagu kawinan hari ini,976751,186406,16995214,9274,32940,15.034,suara asli - 𝟙𝟠 𝔽𝕖𝕓𝕣𝕦𝕒𝕣𝕚,𝟙𝟠 𝔽𝕖𝕓𝕣𝕦𝕒𝕣𝕚,False,2026-05-23T06:36:08.000Z,https://www.tiktok.com/@daffaariqqqq/video/7642972310093303058
tos-alisg-avt-0068/6a851e8655ca61431c20a763b88aa17e,adindabahlil_,Kanda ganteng kokkk wkwkwk #bahlil #bahlillahadalia #mbg #masbahlilganteng,1368500,267251,16695704,22442,49835,18.668,suara asli - AdindaBahlil,AdindaBahlil,False,2026-05-31T07:40:48.000Z,https://www.tiktok.com/@adindabahlil_/video/7645957646452821255
tos-alisg-avt-0068/531514c056a124732740288d01d65c6a,kangrizz01,@betrandputraonsureal cetas cetas cetas cetass😝🫰,961004,100494,9627003,3862,30037,10.285,suara asli - putttripaddang,putttripaddang,False,2026-06-01T04:11:31.000Z,https://www.tiktok.com/@kangrizz01/video/7646274809248238856
tos-maliva-avt-0068/4abf0a9152478fb9b0197f0ec2a665d9,taylor.mantooth,Mas bahlil ganteng | #fyp #mbg #brazil ,710367,167297,9162269,19247,33091,15.0,Mbg Mas Bahlil Ganteng,MR EWIK,False,2026-05-30T23:24:20.000Z,https://www.tiktok.com/@taylor.mantooth/video/7645829686215331103
tos-alisg-avt-0068/b583d077f4b08cde1e5be1ce7368ab92,ndim926,malah mbg 😭😭#masbahlilganteng #bahlil #fypシ #meme ,400974,150535,8909692,4724,26808,15.267,suara asli - Ig:ndim926,Ig:ndim926,False,2026-05-26T15:24:52.000Z,https://www.tiktok.com/@ndim926/video/7644221827845278994
tos-alisg-avt-0068/f47305bc7c57d6325ad2b166115869f9,greatdani_,MBG Mas Bahlil Ganteng versi live record ,279885,34014,8895999,3252,13491,19.367,suara asli - DANUL,DANUL,False,2026-05-27T04:00:00.000Z,https://www.tiktok.com/@greatdani_/video/7644240091925220629
tos-alisg-avt-0068/89c6eff647f126f7a59b1b2d43a7ada0,kailanmomi,O bualil yang tambah ganteng #fypage ,792968,165288,8860293,3098,17855,14.442,Kanda My little Bolu Ketan,VOKALIZ_NETIZEN,False,2026-05-26T02:48:18.000Z,https://www.tiktok.com/@kailanmomi/video/7644026846580837652
tos-alisg-avt-0068/d2a2dbfab0d8a7e48d6e003e81ca2968,inilahcom,"Ketua Umum Partai Golkar sekaligus Menteri ESDM, Bahlil Lahadalia, mengaku penasaran dengan sosok kreator lagu viral ""Mas Bahlil Ganteng"" (MBG) yang ramai digunakan di media sosial. Dalam perbincangannya dengan Raffi Ahmad, Bahlil menyampaikan keinginannya untuk bertemu dan berbincang langsung dengan pencipta lagu tersebut. Ia juga mengaku lagu yang berawal dari komentar netizen itu kerap menjadi bahan candaan di lingkungan keluarganya. Meski menjadi objek lagu viral, Bahlil mengapresiasi kreativitas generasi muda dalam memanfaatkan media sosial dan berharap dapat dipertemukan dengan kreator lagu tersebut. - Selengkapnya kunjungi website dengan klik link di bio atau download aplikasi di Appstore dan Google Play Store. #inilahNews #BahlilLahadalia #MBG #MasBahlilGanteng #inilahcom ",228381,23646,8695739,3948,10076,123.2,suara asli - Inilah.com,Inilah.com,False,2026-05-30T08:11:50.000Z,https://www.tiktok.com/@inilahcom/video/7645594568305446164
tos-alisg-avt-0068/94c2a3d27493ae93d13efa45365f7257,kentangrebuz,MBG?,557830,99138,8559595,7584,39054,13.583,Kanda My little Bolu Ketan,VOKALIZ_NETIZEN,False,2026-05-23T07:27:32.000Z,https://www.tiktok.com/@kentangrebuz/video/7642985560604183829
tos-maliva-avt-0068/87f246714fb52c75ce804b275a4dc7cc,bayutxnz2in,"Lagu viral ""MBG Mas Bahlil Ganteng"" yang ramai beredar di media sosial akhirnya sampai ke telinga Menteri ESDM Bahlil Lahadalia. Dalam sebuah video bersama Raffi Ahmad, Bahlil mengaku penasaran dan ingin bertemu langsung dengan sosok di balik lagu yang telah meraih puluhan juta penayangan tersebut. Ia bahkan berkelakar bahwa lagu itu terus terdengar hingga membuat anak-anaknya ikut menertawakannya saat di rumah. Belakangan diketahui lagu tersebut dibuat menggunakan teknologi AI dengan lirik yang diambil dari kumpulan komentar warganet. Meski menjadi bahan candaan publik, Bahlil mengaku menghargai kreativitas para kreator digital. Namun, ia mengingatkan agar kebebasan berekspresi di media sosial tetap digunakan secara bijak dan tidak mengandung unsur SARA. Menurutnya, menjadi pejabat publik berarti harus siap menerima berbagai bentuk respons dari masyarakat, selama disampaikan dalam koridor yang baik dan bertanggung jawab. caption :nowdots sumber foto : nowdots (ig) #beritaviral #bahlil #mbg #xyzbca #fypシ゚viral ",377918,44107,7672137,6731,16731,20.039,suara asli - Hersaidi Nurfikri,Hersaidi Nurfikri,False,2026-05-30T11:22:37.000Z,https://www.tiktok.com/@bayutxnz2in/video/7645643569700670736
tos-alisg-avt-0068/7703799317c4ee54ae93ea28339995b6,andrastyt,ini lagi lewat mulu fyp gua cok😭,246584,19410,7500818,12495,24268,15.667,Kanda My little Bolu Ketan,VOKALIZ_NETIZEN,False,2026-05-24T01:22:40.000Z,https://www.tiktok.com/@andrastyt/video/7643262597483072789
tos-maliva-avt-0068/0dee6e960faa6807108e789de71d65ad,yuukiituru,,396256,76161,7483225,6519,25118,14.7,MBG (Mas Bahlil Ganteng),MAMAN FVNKY,False,2026-05-23T06:32:55.000Z,https://www.tiktok.com/@yuukiituru/video/7642971483236568340
tos-maliva-avt-0068/4abf0a9152478fb9b0197f0ec2a665d9,taylor.mantooth,MBG | #mbg #brazil #fyp ,370989,134290,7467709,7032,17430,15.0,Mbg Mas Bahlil Ganteng,MR EWIK,False,2026-05-31T03:34:42.000Z,https://www.tiktok.com/@taylor.mantooth/video/7645894184901135647
tos-alisg-avt-0068/f47305bc7c57d6325ad2b166115869f9,greatdani_,Membalas @jujunjunaenah96 EL KHANZA penyanyi MBG asli??,147570,6577,7173231,2956,7133,27.267,suara asli - DANUL,DANUL,False,2026-05-29T01:00:00.000Z,https://www.tiktok.com/@greatdani_/video/7644962790960139540
tos-alisg-avt-0068/6d833a516ee00d7715256e2b7bbcd9dd,naull_plenger,Bagian 1|buahlillll😌#mbg #masbahlilganteng #creatorsearchinsights ,292249,38433,7026365,5805,14943,14.72,suara asli - °𐙚Naull_syantik𐙚°,°𐙚Naull_syantik𐙚°,False,2026-05-26T14:20:16.000Z,https://www.tiktok.com/@naull_plenger/video/7644205179595803922
tos-alisg-avt-0068/1d029bc8397edec467ceba701bc726be,anggahandika_jaya,Demi Anak Perempuan Hanum Yang Pengin Konser MBG ( Mas Bahlil Ganteng ) Bapak dan Kakak Elzo Menyemangati Di Belakang Panggung 🫶🥳🤭🥹 @elzo_hanum @bapakelzohanum ,38624,2013,6516097,1102,5169,15.905,suara asli - angga HJ,angga HJ,False,2026-05-29T12:28:50.000Z,https://www.tiktok.com/@anggahandika_jaya/video/7645289719516990727
tos-alisg-avt-0068/77eacbebd5df1414bba2ebe2d1bd1a61,azkuyyrandom,Udah woy😭 #mbg #masbahlilganteng #fyp #azkatapicewek ,338063,44455,6070562,6248,24886,16.467,Mbg Mas Bahlil Ganteng,MR EWIK,False,2026-05-23T05:30:31.000Z,https://www.tiktok.com/@azkuyyrandom/video/7642955396868558100
tos-alisg-avt-0068/fcb54d2eaca596ddd2827fa36b33483f,kiwiiloki,@MyMayoblox | MBG Mas Bahlil Ganteng~  Versi Kiwimochi🥝 Penari latar: @YAPngupil @bangjodss  #fyp #mbg ,151554,19851,6018027,5483,16028,16.267,suara asli - KiwiMochi🥝,KiwiMochi🥝,False,2026-05-27T08:52:06.000Z,https://www.tiktok.com/@kiwiiloki/video/7644491699930156295
tos-alisg-avt-0068/27647925fe4fca46bc2e9563075bfd3b,mishka_rr,Ответ пользователю @F ,172109,23383,6013865,8227,10721,56.267,suara asli - MISHKA_RR,MISHKA_RR,False,2026-05-25T15:45:27.000Z,https://www.tiktok.com/@mishka_rr/video/7643856022406302997
tos-alisg-avt-0068/722be94d14e5b68038e30ecda621cca3,jorsxiuuu,mbg,382257,148594,5659658,6011,14104,15.024,MBG (Mas Bahlil Ganteng),MAMAN FVNKY,False,2026-05-22T11:28:05.000Z,https://www.tiktok.com/@jorsxiuuu/video/7642676449895337236
tos-alisg-avt-0068/7e53b0ed632c41c5599946ce13ecd50d,kandabahlil.fanbase,"Disclaimer: Ini cuma konten editan ya, kita tunggu reaction aslinya 😅 #KandaBahlil #Golkar #HIPMI #HMI #PrabowoGibran",228207,56218,5384401,2851,9655,19.714,Kanda My little Bolu Ketan,VOKALIZ_NETIZEN,False,2026-05-25T05:58:45.000Z,https://www.tiktok.com/@kandabahlil.fanbase/video/7643704831596645639
tos-maliva-avt-0068/b2365fad039e76850931c711668617b7,itsdeaaaaarr,⚠️Fake Situasion⚠️ #fyp ,280562,118216,5333452,3015,7647,21.756,suara asli - 𝙃𝙋 𝙢𝙪𝙨𝙞𝙘 🎵,𝙃𝙋 𝙢𝙪𝙨𝙞𝙘 🎵,False,2026-04-14T10:07:48.000Z,https://www.tiktok.com/@itsdeaaaaarr/video/7628554511933508884
tos-alisg-avt-0068/5fb33db2cd0b6282ef999ef069e65650,iaaaiiiaa,my little bolu ketan #robloxfyp #robloxedit #fyppp #robloxtrend #roblox ,175972,100474,4982155,5033,14720,52.167,Kanda My little Bolu Ketan,VOKALIZ_NETIZEN,False,2026-05-23T00:55:47.000Z,https://www.tiktok.com/@iaaaiiiaa/video/7642884606244457736
tos-maliva-avt-0068/17767f4feef8592436374b4e6269b4d1,.rianrrr,MBG Mas Bahlil Ganteng 😉  #mbg #masbahlilganteng ,91617,13507,4747757,1110,5683,64.9,suara asli - RIAN RRR,RIAN RRR,False,2026-05-27T11:32:56.000Z,https://www.tiktok.com/@.rianrrr/video/7644533130191260949
tos-maliva-avt-0068/d899274937a37818b571080308721e98,ndhiraa07,jema suka bahlil 🤣,356677,10363,4651185,663,6158,19.034,Kanda My little Bolu Ketan,VOKALIZ_NETIZEN,False,2026-05-25T13:15:52.000Z,https://www.tiktok.com/@ndhiraa07/video/7643817487330577682
tos-alisg-avt-0068/04562babd1d29df596386943cbf43809,gouwlie88,"🔥 BahLiL Joged ViraL “MBG” bikin suasana makin pecah 😆🕺 Gas terus demi Indonesia maju! Siap-siap ketularan jogednya 😂 Siapa yang paling auto goyang pas dengar sound ini? 👀🔥 Jangan lupa like, komen, dan share biar makin viral 🚀 #BahLiL #JogedViral #MBG #joget #lucu",100171,56145,4638057,4596,12063,14.768,suara asli - GouwLie,GouwLie,False,2026-05-30T02:24:03.000Z,https://www.tiktok.com/@gouwlie88/video/7645504928550571284
tos-alisg-avt-0068/24489758c7b314236b4d40f130f01268,adindatimur_,dinda dindaa? #bahlil #bahlillahadalia ,515449,153189,4634386,4789,13123,12.795,suara asli - adindatimur_,adindatimur_,False,2026-05-28T08:59:10.000Z,https://www.tiktok.com/@adindatimur_/video/7644864592597896466
tos-alisg-avt-0068/3c89efd357e26fe20cfae822ab1ca519,detik.lebak,Ada aja gebrakan bapak ESDM kita ini😅 #MasyarakatHarusBeralihKeMotorListrik #MotorListrik #BahlilLahadalia  #SeratusDuaPuluhJutaMotorListrik,91866,10163,4633733,7164,6212,28.143,suara asli - VIRALIN YUK,VIRALIN YUK,False,2026-04-13T04:59:09.000Z,https://www.tiktok.com/@detik.lebak/video/7628103901589392648
tos-alisg-avt-0068/03699c477b9b592f6a04e5830cf8b023,kinzzyan,part 1 lagu mbg🥴🗿 #liriklagu #laguviral #mbg #remix ,272466,36631,4447231,3722,10734,14.002,suara asli - AdindaBahlil,AdindaBahlil,False,2026-05-25T03:54:45.000Z,https://www.tiktok.com/@kinzzyan/video/7643672898988756232
tos-alisg-avt-0068/97da2e0d246220642519341a32ad6cb0,azizah_idnya,“Mbg mas bahlil ganteng” memakai 4 suara tokoh politik indonesia…. Ini hanya parody dan impersonate yaa😭 #parody #impersonate #mbgmasbahlilganteng #bahlillahadalia #fypage ,151016,22835,4392665,2262,10842,15.967,suara asli - azizah idnya,azizah idnya,False,2026-05-23T07:34:51.000Z,https://www.tiktok.com/@azizah_idnya/video/7642987435835624725
tos-useast2a-avt-0068-giso/d67ccc99a287e49ea197f174439a2f9a,nengrarah.16,MBG mas bahlil ganteng buahlil,59747,9316,4380423,1508,7763,15.046,suara asli - Rendi_kiyy🌀,Rendi_kiyy🌀,False,2026-05-30T05:48:29.000Z,https://www.tiktok.com/@nengrarah.16/video/7645557601152945429
tos-alisg-avt-0068/e1f703443d20c6aa618ed8fc104126fd,kumalaciptadewi,mbg🤏,291526,23090,4283973,458,10608,15.022,Kanda My little Bolu Ketan,VOKALIZ_NETIZEN,False,2026-05-26T07:50:43.000Z,https://www.tiktok.com/@kumalaciptadewi/video/7644104770248068372
tos-alisg-avt-0068/cf236d489674f8256014db604e63868c,_chillaputrii,mas bahlil ganteng 😍👋🏻😃#fyp #masukberanda #fyp ,41629,1564,4207858,5108,2748,43.7,suara asli - _chillaputrii,_chillaputrii,False,2026-05-26T11:48:46.000Z,https://www.tiktok.com/@_chillaputrii/video/7644166133817281813
tos-alisg-avt-0068/820a368da400611660d734e3cb85165e,unlvdu,MAS BAHLIL GANTENG😍 #mbg #fyp #fypシ ,190644,10626,3980745,3348,12127,14.334,Kanda My little Bolu Ketan,VOKALIZ_NETIZEN,False,2026-05-25T03:35:05.000Z,https://www.tiktok.com/@unlvdu/video/7643667621707091201
tos-alisg-avt-0068/bd8dbdda3f01135f7a874896913a197f,warsihwar0,MBG mas bahlil ganteng#masukberanda #fypage #viral #creatorsearchinsights ,119483,345817,3844092,2920,6567,12.31,suara asli - nini juminem,nini juminem,False,2026-05-26T04:08:09.000Z,https://www.tiktok.com/@warsihwar0/video/7644047417771412756
tos-alisg-avt-0068/7b67008d691e7da9c41078438696b59e,khalis12ks,bahlil lat game🗿                                   #creatorsearchinsights#fyppppppppppppppppppppppp#bahlil#xyzbca ,158360,31600,3816296,4974,11328,65.2,suara asli - 𝐊у𝚣𝚣🌸🦄,𝐊у𝚣𝚣🌸🦄,False,2026-04-11T22:23:08.000Z,https://www.tiktok.com/@khalis12ks/video/7627630748899527944
tos-alisg-avt-0068/0d91697374b3fd08ad23a0170ef928af,only.rifqahh,"dc: me🥰, w/ @abcdefghijustfriend  RAMEIN DC AKU PLS😭❣️ #dancebrazil🇧🇷 #bahlil #mbg #tulungagung24jam #creatorsearchinsight ",212227,31386,3735363,2706,26403,15.046,suara asli - Ikyyyyy,Ikyyyyy,False,2026-05-26T04:58:14.000Z,https://www.tiktok.com/@only.rifqahh/video/7644060328849984789
tos-alisg-avt-0068/acb66440d929272468cf23ef9c076d0b,fharidbahtiar,"MANTAN KEPALA BGN YANG BARU DICOPOT, DADAN HINDAYANA DITAHAN KEJAKSAAN AGUNG BESERTA 2 MANTAN KEPALA BGN TERKAIT KORUPSI (03/06/2026) (Source: Kompas TV) #bgn #mbg #sppg #kejaksaanagung #korupsi ",180772,36840,3654360,12717,8062,21.8,JELAS TEGAS GERAGAS,Gliese,False,2026-06-03T13:20:12.000Z,https://www.tiktok.com/@fharidbahtiar/video/7647158376434044180
tos-alisg-avt-0068/e3ab6cad9f4cc1515f401ae5384ddcd6,penjagapila,"Izin Pak, tanpa mengurangi rasa hormat 🌝 #bahlil #mylittleboluketan #mbg #bahlillahadalia #masbahlilganteng ",318751,41650,3622606,9519,8795,30.967,Kanda My little Bolu Ketan,VOKALIZ_NETIZEN,False,2026-05-28T06:48:47.000Z,https://www.tiktok.com/@penjagapila/video/7644830990220774677
tos-alisg-avt-0068/1a23d127944a498398d4a3082c42a000,gusstoo_,"Dc terbaru 2026 ~ dc mbg mas balik ganteng new, Asik bet nih🤪🤙🏻 #fyp #dancetutorial #tutorialdance #dancetrend #velocity ",46522,2998,3597456,476,11430,15.067,suara asli - BERDIKARI 11.02,BERDIKARI 11.02,False,2026-05-30T07:24:48.000Z,https://www.tiktok.com/@gusstoo_/video/7645582436247620885
tos-alisg-avt-0068/b09556fa9ed57fa2ec5ff65f34129d2a,bobyrourr,jangan sampe aku hafal ib@🇦 🇷 🇮 🇫 maap lupaa,70052,17598,3593497,2936,9278,24.5,Chopin Nocturne No. 2 Piano Mono,moshimo sound design,False,2026-05-27T06:19:51.000Z,https://www.tiktok.com/@bobyrourr/video/7644452455190695189
tos-alisg-avt-0068/e9b3f1ece0ccecb5f049f4dbeb4e8fe3,tiaistianaaa,MBG “Mas Bahlil Ganteng”  Izin pak @Bahlil Lahadalia 😭🙏🏻 Sehat sehat ya pak 🎤 @tiaistianaaa & @Keyrachan🫧  #tiaistiana #nyanyidipublik #nyanyiditempatumum #singinginpublic #mbg ,40649,7283,3585002,1106,6393,16.667,suara asli - Tia Istiana | Nomad Singer🎤,Tia Istiana | Nomad Singer🎤,False,2026-05-24T11:20:57.000Z,https://www.tiktok.com/@tiaistianaaa/video/7643416798984998151
tos-alisg-avt-0068/79b81a1c7fe5bd7479bdae1d5205a41c,acpstoreoficial,mbg mash bahlil guanteng wkwkw #mbg #masbahlilganteng #bahlil #lagumbg #musik ,36313,74563,3567195,1802,6293,11.205,suara asli - adalahpokoknya,adalahpokoknya,False,2026-05-24T08:48:42.000Z,https://www.tiktok.com/@acpstoreoficial/video/7643377554887331093
tos-alisg-avt-0068/62149b998cc4e4052ccbe245e8aa2774,melvingenuinoo,,232628,41876,3437149,2457,17285,13.351,Kanda My little Bolu Ketan,VOKALIZ_NETIZEN,False,2026-05-24T08:56:49.000Z,https://www.tiktok.com/@melvingenuinoo/video/7643379653087972616
tos-alisg-avt-0068/ea26e0b1d4ae97f715b915bfccdab3cf,talentastudio.id,"Kemarin lagu hits MBG mas bahlil ganteng , sekarang kita keluarin album MBG mas botak ganteng ya guys , hope you enjoy it 🤪 #mbg #prabowo #bahlil #trending #viral ",130117,56001,3424933,3756,18666,54.934,suara asli - Talentastudio,Talentastudio,False,2026-05-28T11:58:18.000Z,https://www.tiktok.com/@talentastudio.id/video/7644910759423528200
tos-alisg-avt-0068/a543a1f85885dd497609b40cfae51184,vokaliz_netizen,"jangan nagis yaaaa.. Ganti genre & Vokal dulu  ""dulu dia juga kesayangan ibunya""  source @abiooo_sd @trans.sakha_jogja #komentarnetizen #wargatiktok #netizenindonesia #komentarnetizentiktok #fypdong",212877,10982,3354025,2076,20982,152.881,suara asli - VOKALIZ_NETIZEN,VOKALIZ_NETIZEN,False,2026-05-12T14:43:25.000Z,https://www.tiktok.com/@vokaliz_netizen/video/7639015946509765906
tos-alisg-avt-0068/5d8fdf7d44bc186634da3d96c5beeb4b,frainlaurenzzz,yang Viral MBG..    #liriklagu #fypage #lyricsvideo #songlyrics ,62503,24548,3350162,980,12712,55.38,suara asli - FrainzLyrics,FrainzLyrics,False,2026-05-26T05:39:26.000Z,https://www.tiktok.com/@frainlaurenzzz/video/7644070939315014932
tos-alisg-avt-0068/6a851e8655ca61431c20a763b88aa17e,adindabahlil_,part 2 lagu MBG #bahlil #bahlillahadalia,105609,25208,3215346,1439,5960,16.649,suara asli - AdindaBahlil,AdindaBahlil,False,2026-05-26T07:38:41.000Z,https://www.tiktok.com/@adindabahlil_/video/7644101680962768135
tos-alisg-avt-0068/6a851e8655ca61431c20a763b88aa17e,adindabahlil_,"Jarang-jarang ngeliat Kanda makan ayam wkwkwkwk. Safe Flight ya pak, setelah ibadah Hajinya! Dinda Rindu!! #bahlil #bahlillahadalia #mbg #masbahlilganteng",264280,40669,3181841,6525,6158,19.016,suara asli - AdindaBahlil,AdindaBahlil,False,2026-05-31T20:24:15.000Z,https://www.tiktok.com/@adindabahlil_/video/7646154378033876242
tos-alisg-avt-0068/a620d3d10182ea4d397810d22f466887,da7_zahrasima01,,254085,8229,3067000,2734,10278,19.643,MBG (Mas Bahlil Ganteng),MAMAN FVNKY,False,2026-05-26T14:07:41.000Z,https://www.tiktok.com/@da7_zahrasima01/video/7644201928607468820
tos-alisg-avt-0068/43194f090ccf2483434e1fa9833f2aaa,parispernandes_,Manisann kakak kita kan lekk wkwkkw,90587,2214,2981629,522,2434,13.351,suara asli - Paris Pernandes,Paris Pernandes,False,2026-05-29T11:06:37.000Z,https://www.tiktok.com/@parispernandes_/video/7645268518686018834
tos-alisg-avt-0068/523abdbf68df8bd6eb8918a77432a276,ff_olannn,Tag panutan kalian buat bikin🗿  #trendff #ffolan #freefire #ff ,82402,13227,2911896,5422,8213,15.067,Mbg Mas Bahlil Ganteng,MR EWIK,False,2026-05-31T10:54:21.000Z,https://www.tiktok.com/@ff_olannn/video/7646007533412289813
tos-alisg-avt-0068/4d4ab7d9dee249196cb5e3cd447d9674,aldiwahyudi.13,My little bolu ketan😌😌😌 #fyp #viral #impersonate #mbgmasbahlilganteng #mylittleboluketan ,47511,2102,2834686,629,4029,15.634,suara asli - Aldi Wahyudi,Aldi Wahyudi,False,2026-05-25T10:44:48.000Z,https://www.tiktok.com/@aldiwahyudi.13/video/7643778566458445063
tos-alisg-avt-0068/d2708fbe2383c6e4bc45c48c1419fda3,aris.mansyah27,bunda pertama kali dengerin lagu mbg (mas bahlil ganteng).. #corla #bundacorla #bundacorlaterbaru #bundacorlaratulivedunia #fyp @Bunda Corla Ratu live Dunia ,57415,5198,2805518,881,2880,407.139,suara asli - 𝐀𝐫𝐢𝐬 𝐌 || ABCOR'S,𝐀𝐫𝐢𝐬 𝐌 || ABCOR'S,False,2026-05-31T00:56:42.000Z,https://www.tiktok.com/@aris.mansyah27/video/7645853488576138516
tos-alisg-avt-0068/d5e4be8a68433501cd737391880ed0eb,gioooo1110,MBG mas bahlil ganteng🗿#trenddd #fypシ゚ #gksukaskip📵 #4upageシ #foryou ,36098,40771,2783280,3093,4022,15.84,suara asli - 𝙁𝙄𝙏𝙊 || 𝕰𝖒𝖕𝖎𝖗𝖊 ++,𝙁𝙄𝙏𝙊 || 𝕰𝖒𝖕𝖎𝖗𝖊 ++,False,2026-05-24T00:48:51.000Z,https://www.tiktok.com/@gioooo1110/video/7643253879676603669
tos-alisg-avt-0068/428ef31ac6bdef7460308f82130fd444,loisaramadhani_real,mbg mas bahlil ganteng🥰😝 #loisaramadhani #alicia #mbg ,81424,4734,2738452,1601,4195,14.667,suara asli - 𝟙𝟠 𝔽𝕖𝕓𝕣𝕦𝕒𝕣𝕚,𝟙𝟠 𝔽𝕖𝕓𝕣𝕦𝕒𝕣𝕚,False,2026-05-25T08:15:54.000Z,https://www.tiktok.com/@loisaramadhani_real/video/7643740184273538325
tos-alisg-avt-0068/2e65314cb1c4daf8502754c052937ce9,haryang_bakti,Wah ini sudah diluar nalar sih 😱 #mylittleboluketan #mbg #masbahlilganteng #fifaworldcup #mbglovers❤️ ,112446,30573,2612936,3357,9839,60.3,suara asli - HARYANG BAKTI,HARYANG BAKTI,False,2026-06-02T13:39:31.000Z,https://www.tiktok.com/@haryang_bakti/video/7646792266652257554
tos-alisg-avt-0068/f9f2867893594b6edd456a10650915ab,cakra_020,MBG Mas Bahlil Guanteng - - - tiktok hashtags #meme #roblox #foryou #funny #fyp ,45414,18850,2521772,1480,9659,30.867,suara asli - Erulkh,Erulkh,False,2026-05-30T01:16:51.000Z,https://www.tiktok.com/@cakra_020/video/7645487609199824148
tos-alisg-avt-0068/0f06bbe39e5d3ae5aebd01f2798a9bc9,kafaanjazzz,EMBEGEH🥶 MAS BAHLIL GANTENK😎 #fyp #bahlil #mbg #masbahlilganteng #bismillahfyp ,17438,7680,2518186,2194,3082,15.125,MBG (Mas Bahlil Ganteng),MAMAN FVNKY,False,2026-05-26T16:00:07.000Z,https://www.tiktok.com/@kafaanjazzz/video/7644230897679502613
tos-alisg-avt-0068/78c83376f67c129f40f810ca6b560ccf,gokil.11,lagu MBG terbaru 👍#creatorsearchinsights #meme #mbg #bahlil #fypシ ,284245,153507,2507672,5497,33052,30.535,suara asli - MEMOOO.......😹,MEMOOO.......😹,False,2026-05-27T01:16:39.000Z,https://www.tiktok.com/@gokil.11/video/7644374319082065172
tos-alisg-avt-0068/d9dd7cdcdbc79598c13da4106d3f04bb,rian_971,ihhh si dadan💀💀😱😱 #bgn #mbg #viral  #allahummabarik #foryou ,357620,122052,2507110,6440,18584,28.5,suara asli - GitaTripStory,GitaTripStory,False,2026-06-03T15:09:37.000Z,https://www.tiktok.com/@rian_971/video/7647186569090043156
tos-alisg-avt-0068/57bbade06b1aec7de4e9ea770376fce2,lobakmerahmy,"Baru-baru ini, tular satu video apabila peniaga dan pempengaruh makanan bakeri didakwa telah menghina netizen dalam satu sesi siaran langsung di media sosial. Lebih hangat lagi, netizen menemui komen balas daripadanya yang didakwa menggunakan kata-kata kesat dan agresif terhadap netizen. Setakat semalam, ada netizen di Threads mendakwa perniagaan bakeri tersebut didakwanya sedang 'merundum'. Menurut individu tersebut, ia berikutan dengan kes tular yang melibatkan dirinya itu. Menjengah ke ruangan komen, ada netizen yang meluahkan rasa terkilan dengan sikap peniaga tersebut dan ada juga yang kongsikan pengalaman mereka merasai hidangan di kedai bakeri berkenaan. Dalam isu lain, tular apabila ada netizen mendakwa tahap kebersihan di premis peniagaan bakeri itu tidak memuaskan. Mereka juga mendakwa bahawa terdapat najis tikus di premis tersebut. Jangan lupa untuk Like, Comment. Share dan Follow Lobak Merah! 🧡 Terima Kasih!",45687,4968,2448629,1012,3158,7.245,Dramatic Tension,Litne,False,2026-06-03T10:00:00.000Z,https://www.tiktok.com/@lobakmerahmy/video/7647096905377303829
tos-alisg-avt-0068/c32e0b38793acba46985e6166f566cd5,nataya162,nemu di jalan cokkk 😅😅😅 #mbg #bahlil #viral #mylittleboluketan #masbahlilganteng ,63060,16340,2417528,816,4492,12.367,Kanda My little Bolu Ketan,VOKALIZ_NETIZEN,False,2026-05-25T15:48:42.000Z,https://www.tiktok.com/@nataya162/video/7643856871538855186
tos-alisg-avt-0068/74308964a718a117f393318b6b6fb498,rizalliahmad,MBG Mas Bahlil Ganteng #mbg #bahlil ,17505,3063,2388322,697,2277,15.567,suara asli - Rizalli Ahmad,Rizalli Ahmad,False,2026-05-25T02:49:57.000Z,https://www.tiktok.com/@rizalliahmad/video/7643656161744538901
tos-alisg-avt-0068/739d959ce3969a67edf01cfa67cbf023,geraldvincentt,Lagu MBG Mas Bahlil Ganteng?,128475,9635,2383923,2158,7788,99.867,suara asli - Gerald Vincent,Gerald Vincent,False,2026-05-26T05:07:58.000Z,https://www.tiktok.com/@geraldvincentt/video/7644062841661607189
tos-alisg-avt-0068/36c1cde2a084fe1a29ee832380784239,keinmoytod,Ayo nyanyi MBG Mas Bahlil Ganteng biar hafal,36461,3570,2350199,3932,5969,15.867,suara asli - Kein Moytod,Kein Moytod,False,2026-05-23T04:20:35.000Z,https://www.tiktok.com/@keinmoytod/video/7642937380378266901
tos-alisg-avt-0068/343ea190871d7def29f4433744b7b3ac,cakilaaaaaa0,mbg mas bahlil ganteng buah apa yng paling manis buahlil tambah ganteng aja my little bolu ketan#fyppppppppppppppppppppppp #fyppppppppppppppppppppppp ,138488,11897,2301842,2298,6063,14.536,Kanda My little Bolu Ketan,VOKALIZ_NETIZEN,False,2026-05-25T13:03:39.000Z,https://www.tiktok.com/@cakilaaaaaa0/video/7643814345008237831
tos-alisg-avt-0068/f47305bc7c57d6325ad2b166115869f9,greatdani_,Ngamen pake lagu MBG Mas Bahlil Ganteng 🗿,60054,3695,2286378,781,3017,28.42,suara asli - DANUL,DANUL,False,2026-05-26T10:45:49.000Z,https://www.tiktok.com/@greatdani_/video/7644149887537548565
tos-alisg-avt-0068/29944c6d43aa1b94a1b6602acee2c799,tvllankz,Jus yang lagi VIRAL🖤💜 Udah ada yang pernah nyoba? #MasBahlilGanteng #BuahLil #JusBuah #Viral,87094,176153,2280001,3248,4962,20.272,suara asli - tvllankz,tvllankz,False,2026-05-26T11:07:00.000Z,https://www.tiktok.com/@tvllankz/video/7644155366590172436
tos-maliva-avt-0068/7ef7b6bd4cf6728ef4285dc2e367e64d,thericisindonesiaaa,MBG Mas BAHLIL GANTENG 😭 Buahlil wkwkw knp jadi hapal jg wkwk #riaricis #thericis #fyp ,39829,945,2263020,1150,1917,15.067,suara asli - TheRicis Indonesia,TheRicis Indonesia,False,2026-05-24T08:55:57.000Z,https://www.tiktok.com/@thericisindonesiaaa/video/7643379419368656136
tos-alisg-avt-0068/c7fe552ea4f40728a44c948b51e8718c,penazun,Masih dengan MBG ya 😬 #bts #mbg #dance #trending #foryou ,67461,2343,2235823,323,3116,45.534,Mbg Mas Bahlil Ganteng,MR EWIK,False,2026-06-03T08:51:09.000Z,https://www.tiktok.com/@penazun/video/7647089017015569671
tos-alisg-avt-0068/598a80f35fc6b9679b93677b1e30c3e9,jejakmusik.id,Netizen emang gak pernah kehabisan ide 😂... Ada di sini yang udah hafal  lagunya?👀 • Credit: @susantonss  @vokaliz_netizen  #JejakMusik #MasBahlilGanteng #MBG,62149,15154,2097906,1302,5389,64.947,suara asli - JEJAK MUSIK INDONESIA,JEJAK MUSIK INDONESIA,False,2026-05-23T13:59:13.000Z,https://www.tiktok.com/@jejakmusik.id/video/7643086489206787349
tos-useast2a-avt-0068-aiso/0e3f61fb8cd012ce246b4993606705b7,uplkb,MBG yg mana sih😹 #ALLGLORYTOGOD #fyp #meme #viral #mbg ,40380,1674,2007163,1070,5588,52.615,suara asli - samuelfernandtio,samuelfernandtio,False,2026-05-29T10:35:09.000Z,https://www.tiktok.com/@uplkb/video/7645260416758697223
tos-alisg-avt-0068/4330cf091a8cf71e43ba40a1a4bd0c1f,rhy_lyrics,MBG - Mas Bahlil Ganteng😩🎧🎶 .  .  . #lyrics#music#foryou#mbg#rhylyrics ,23860,17619,1983993,1419,5981,55.489,suara asli - 𝐑𝐡𝐲𝐭𝐡𝐦𝐰𝐨𝐫𝐝s🎧,𝐑𝐡𝐲𝐭𝐡𝐦𝐰𝐨𝐫𝐝s🎧,False,2026-05-28T03:39:47.000Z,https://www.tiktok.com/@rhy_lyrics/video/7644782272553471240
tos-maliva-avt-0068/3e6899f8528bb5f5c6000c592459dbf0,sansantiffabelle,POV : SIAPA YANG UDAH HAPAL? #pov #dramatiktok #anaksekolah #fypdonggggggg #viralditiktok ,54071,4235,1971820,2017,7060,17.734,suara asli - Snow,Snow,False,2026-05-25T05:19:10.000Z,https://www.tiktok.com/@sansantiffabelle/video/7643694617761746183
tos-alisg-avt-0068/7e4bb9a0663eeeff787cfa23fabd9317,namanyattk,mbg sesuai emoji😁 #mbg #bahlil #emoji #banana #challenge,13348,809,1835141,1027,3531,99.7,suara asli - ttk terpadu medan,ttk terpadu medan,False,2026-06-01T00:50:00.000Z,https://www.tiktok.com/@namanyattk/video/7646204982491893013
tos-alisg-avt-0068/a543a1f85885dd497609b40cfae51184,vokaliz_netizen,Mimin Takut Disuruh Nyanyi syududu -  sumber - @detikcom @raffi_nagita - izin #vokaliz_netizen #komentarnetizen #warga62 #netizenindonesia #fyppppppppppppppppppppppppppppppppppp,66426,8967,1781783,1478,3657,173.779,suara asli - VOKALIZ_NETIZEN,VOKALIZ_NETIZEN,False,2026-05-30T13:48:51.000Z,https://www.tiktok.com/@vokaliz_netizen/video/7645681418286173461
tos-alisg-avt-0068/a73462953e5dbc4fdd33f5fa2ad1d48c,queensyafiraaa,buahlill 🥰 #mbg #fyp #fypシ ,37258,2296,1779381,568,1977,14.072,suara asli - alsava,alsava,False,2026-05-28T17:20:44.000Z,https://www.tiktok.com/@queensyafiraaa/video/7644993836690820372
tos-alisg-avt-0068/3442e76064e8f5945e09886dff2e6331,rasya_kocho,"Full kisah nya nanti ya ,tiba2 badmood ",97080,14144,1767179,3407,9959,8.567,Kamu dan Kenangan - Original Soundtrack Habibie & Ainun 3,Maudy Ayunda,False,2026-05-24T13:01:54.000Z,https://www.tiktok.com/@rasya_kocho/video/7643442808862412053
tos-alisg-avt-0068/7a101106f83bbb333cafaf22f4b189e1,kusmandoman,Ter ngiang ngiang tetus sama lagu MBG Mas Bahlil Ganteng karna terus muncul di beranda 😆 #mbg #masbahlilganteng #bahlil ,30127,12461,1751256,1569,3051,30.167,Chopin Nocturne No. 2 Piano Mono,moshimo sound design,False,2026-05-29T02:10:25.000Z,https://www.tiktok.com/@kusmandoman/video/7645130340721298696
tos-alisg-avt-0068/a543a1f85885dd497609b40cfae51184,vokaliz_netizen,TOLONG AKU TERCANDU CANDU #komentarnetizen #netizenindonesia #warga62 #wargatiktok #fyp,87350,5531,1691049,3974,4800,210.374,suara asli - VOKALIZ_NETIZEN,VOKALIZ_NETIZEN,False,2026-05-12T21:30:00.000Z,https://www.tiktok.com/@vokaliz_netizen/video/7639065555701484821
tos-useast2a-avt-0068-giso/35b58cfb1174c58bfcad2225e45b446f,ardikatamps,Nyanyi Lagu MBG Awalnya yanti akhirnya yanto #ardikatamps ,17799,902,1663290,838,2825,16.734,suara asli - Ardikatamps,Ardikatamps,False,2026-05-28T11:59:28.000Z,https://www.tiktok.com/@ardikatamps/video/7644911063720348936
tos-alisg-avt-0068/5e35043cf202ee4ced21f0a4ce660e8f,adhamrisangtetuko,Buah apa yang paling manis?🙄Buahhhhlillll🔥. #mbgmasbahlilganteng #bahlilganteng #mbg #masbahlilganteng  #VoiceEffects @Musik 99 fams @MUSIK 99 SKOB @memet.AP @fajarpeje_ @🅨🅞🅚🅗🅞 🅧🅟🅢 @Duwek Thamb @MamaRii @Babijantan🐷 ,50463,9023,1662302,457,3652,41.843,suara asli - adhamrisangtetuko,adhamrisangtetuko,False,2026-05-31T06:29:33.000Z,https://www.tiktok.com/@adhamrisangtetuko/video/7645939287522888978
tos-alisg-avt-0068/40134ff153474007961953099b75b9b3,san984205,Bagian 91 || MBG mas Bahlil ganteng 💃💃 . . .-CR@Bang Dapp  #coversong #jjfreefire #persatuaneditor #presetalightmotion #fyp ,33628,3358,1652394,3002,5266,15.3,suara asli - 𝐒𝐚𝐧𝐬💦 || 𝐏𝐄,𝐒𝐚𝐧𝐬💦 || 𝐏𝐄,False,2026-05-27T02:32:54.000Z,https://www.tiktok.com/@san984205/video/7644393968129641736
tos-alisg-avt-0068/42c2c65769bf90abb863109272afa7c2,ikhlas.m,Ini Jadinya Ketika Kurt Cobain Menyanyikan Lagu MBG (Mas Bahlil Ganteng) #lagumbg  #masbahlilganteng  #kurtcobain ,54530,31747,1630199,745,6116,39.219,suara asli - Ikhlas Maulana,Ikhlas Maulana,False,2026-05-26T16:50:30.000Z,https://www.tiktok.com/@ikhlas.m/video/7644243878928731410
tos-alisg-avt-0068/290cd21023dab63f292d4db131d2e105,adainfoindonesia,Kanda Bahlil menjadi idola seluruh gen z dan viral di sosial media dengan lagu yang semua orang mudah menghafal lagu tersebut. #bahlillahadalia #bahlil #fyp #masbahlilganteng #mylittleboluketan ,19739,4285,1615197,624,2500,14.667,Kanda My little Bolu Ketan,VOKALIZ_NETIZEN,False,2026-05-25T08:19:54.000Z,https://www.tiktok.com/@adainfoindonesia/video/7643741218706296085
tos-alisg-avt-0068/eb31ec1e7243762ae1291a3a6760b982,xcyllaa1,wujud asli viwers qilla yang gak tau kenalan dulu aku qillaa#netizen #viwers #4 ,51883,4966,1590699,3387,2369,8.434,suara asli - 🎀just ' qill,🎀just ' qill,False,2026-05-31T04:39:35.000Z,https://www.tiktok.com/@xcyllaa1/video/7645910959881489671
tos-alisg-avt-0068/9c1776f30fc670cb04671980a3da8a76,kimmybrielladdict,Kok Baba bisa hafal lagu ini sih 😭🫵 wkwkwk #CapCut #briella #MBG #funnyvideos #fyp ,132895,28183,1572441,698,4978,15.6,suara asli - sfryarn,sfryarn,False,2026-05-23T12:46:27.000Z,https://www.tiktok.com/@kimmybrielladdict/video/7643067740009368853
tos-alisg-avt-0068/6c4c1957622c2604b117ece2225f460b,raifa.aramoana,Hehehehe,67536,281,1538518,191,1507,26.981,MBG (Mas Bahlil Ganteng),MAMAN FVNKY,False,2026-05-26T02:51:42.000Z,https://www.tiktok.com/@raifa.aramoana/video/7644027693637422356
tos-alisg-avt-0068/7134c70efb6584861addc13efc404fb5,homuff_,lagi kecanduan lagu inii🤩,60401,10490,1530953,912,4887,15.046,suara asli - Erulkh,Erulkh,False,2026-05-31T06:15:33.000Z,https://www.tiktok.com/@homuff_/video/7645935694895975698
tos-alisg-avt-0068/1e257f455dc05c515f47675c225a9edb,wwwliriklagu.com,BUAHLIL..🤭 #liriklagu #lirik #fulllirik ,13760,7218,1349738,842,3735,60.567,suara asli - Murdi,Murdi,False,2026-05-30T00:39:31.000Z,https://www.tiktok.com/@wwwliriklagu.com/video/7645477988967959828
tos-alisg-avt-0068/aa85a0503dc3f18e3c092dc204b47cff,dindinduaarr,my little bolu ketan on repeat LOL 🔁  #bahlil #meme #boluketan ,58549,7374,1328670,302,6162,13.374,Kanda My little Bolu Ketan,VOKALIZ_NETIZEN,False,2026-05-24T12:05:29.000Z,https://www.tiktok.com/@dindinduaarr/video/7643428270188350727
tos-maliva-avt-0068/4abf0a9152478fb9b0197f0ec2a665d9,taylor.mantooth,,64281,13930,1317716,688,1877,15.0,Mbg Mas Bahlil Ganteng,MR EWIK,False,2026-06-03T02:50:30.000Z,https://www.tiktok.com/@taylor.mantooth/video/7646996046186401055
tos-alisg-avt-0068/a31d99dd902ec06183f4bdb743af3821,sumii_sihombing,ternyata bapak Pendeta @STEVE MARCEL juga terngiang2 sama lagu MBG 😅 #mbg #pdtmarcelsaerang #fyppppppppppppppppppppppp #laguviral #tren ,139105,21311,1317027,870,8143,40.1,suara asli - sumii ✨️,sumii ✨️,False,2026-05-24T23:49:39.000Z,https://www.tiktok.com/@sumii_sihombing/video/7643609717327088904
tos-useast2a-avt-0068-giso/3fcc3860a1c36c887aaf9e1a16693b1a,hesfinatia,When yaa punya anak yang mirip aku😭 #fyp ,166186,6183,1289767,1802,2773,15.267,Mbg Mas Bahlil Ganteng,MR EWIK,False,2026-06-03T10:02:05.000Z,https://www.tiktok.com/@hesfinatia/video/7647107316713622805
tos-alisg-avt-0068/dba62d0f123a16244c7f5fd943449271,mrizkybillar,Kok bisa bisanya tau lagu MBG nak 😭,88469,950,1253558,872,2604,13.767,Mbg Mas Bahlil Ganteng,Libbie Cupps,False,2026-05-31T12:01:28.000Z,https://www.tiktok.com/@mrizkybillar/video/7646024833641221384
tos-alisg-avt-0068/814d2c22ee3da4f9130e073c60eda17e,ldyorbl,my kakanda gue🥺 ,68914,8665,1248595,1164,4304,15.001,suara asli - 𝟙𝟠 𝔽𝕖𝕓𝕣𝕦𝕒𝕣𝕚,𝟙𝟠 𝔽𝕖𝕓𝕣𝕦𝕒𝕣𝕚,False,2026-05-23T07:34:41.000Z,https://www.tiktok.com/@ldyorbl/video/7642987395880717589
tos-useast2a-avt-0068-giso/35b58cfb1174c58bfcad2225e45b446f,ardikatamps,Mas Bahlil Ganteng  Enak juga lagu nya #ardikatamps ,18288,1084,1238261,1408,2812,15.567,suara asli - Ardikatamps,Ardikatamps,False,2026-05-27T11:59:48.000Z,https://www.tiktok.com/@ardikatamps/video/7644540066546650376
tos-maliva-avt-0068/79ad72f9ce56c4a51dda99ab6ea11162,dektherocknew,Lagu tervaporitku 2026😍😍#pyfツ #pyfツviral_❤ #viral ,26307,9212,1229440,512,1828,20.367,suara asli - Dek Rock,Dek Rock,False,2026-05-23T03:49:43.000Z,https://www.tiktok.com/@dektherocknew/video/7642929407828544799
tos-alisg-avt-0068/b70ac9a4127668ae9488cc9031a4abda,repelita.online85,Viral lagu MBG (mas bahlil ganteng)  #Viral_lagu_mbg #mas_bahlil_ganteng #mbg #Viral #viralvideo ,8315,500,1216648,208,1054,15.967,suara asli - Repelita.Online,Repelita.Online,False,2026-05-30T11:56:21.000Z,https://www.tiktok.com/@repelita.online85/video/7645652426380430599
tos-alisg-avt-0068/0110ae99ab7abe7323938b0fb73a5cfa,clipper.milen,hayo tebak siapa yang nyanyi lagu buahlillll 😭 #milada7 #mila #tasyada7  #mbgmasbahlilganteng #fyp  @DA7 MILA @da7_tasyaallesia ,67076,834,1213907,515,5580,24.2,suara asli - clipper Milen,clipper Milen,False,2026-05-26T03:33:37.000Z,https://www.tiktok.com/@clipper.milen/video/7644038540833115410
tos-alisg-avt-0068/a543a1f85885dd497609b40cfae51184,vokaliz_netizen,"usul apa lagi siii ini, yuuk nonton bioskop aja kita hahahaaa - sumber @duniapunyacerita_ #komentarnetizen #warga62 #netizenindonesia #vokaliz_netizen #fyppppppppppppppppppppppppppppppppppp",60441,5266,1179768,900,2670,247.711,suara asli - VOKALIZ_NETIZEN,VOKALIZ_NETIZEN,False,2026-05-23T11:30:00.000Z,https://www.tiktok.com/@vokaliz_netizen/video/7642974079745641748
tos-alisg-avt-0068/5a09131a82a5ee91883e56688d46a0a6,maryamzei,Tolong jadi terngiang lagu ini 😭🙏🏻  #fyp #maryamfamily #foryou #couplestiktok ,26373,2094,1159201,307,1347,14.867,suara asli - maryamzei,maryamzei,False,2026-05-23T10:08:31.000Z,https://www.tiktok.com/@maryamzei/video/7643027045840080146
tos-alisg-avt-0068/45f3192b533ac1bab5f76aa361461533,jebulekw,MBG : Mas Bahlil Ganteng 😎😅 #fyp #mbg #masbahlilganteng #buahlil ,54969,22513,1157545,1545,2310,23.405,suara asli - jebulekw,jebulekw,False,2026-05-24T09:09:08.000Z,https://www.tiktok.com/@jebulekw/video/7643382801626320149
tos-alisg-avt-0068/97da2e0d246220642519341a32ad6cb0,azizah_idnya,"“Mbg,mas bahlil ganteng” memakai suara 3 karakter kartun…ini lagu lewat terus anjir😭 #impersonate #parody #viraltiktok #mbgmasbahlilganteng #foryoupagе ",11692,1210,1103841,642,2052,17.334,suara asli - azizah idnya,azizah idnya,False,2026-05-30T07:51:09.000Z,https://www.tiktok.com/@azizah_idnya/video/7645589231502429461
tos-alisg-avt-0068/ebe88c634e7c6fa383d5889e6d8d6b0d,jayzzbigboy,@cantikaa_ ,85741,9349,1094255,484,7437,13.745,Mbg Mas Bahlil Ganteng,Libbie Cupps,False,2026-06-02T06:49:50.000Z,https://www.tiktok.com/@jayzzbigboy/video/7646686685832432904
tos-alisg-avt-0068/d9ff4989e4dc638ea6785f8fd47b2c8d,cihuuy3714,#creatorsearchinsights MBG MAS BAHLIL GANTENG BUAH APA YANG PALING MANIS BUAH LIL TAMBAH GANTENG AJA MY LITTLE BOLU KETAN,5693,820,1079801,5197,1159,14.75,MBG (Mas Bahlil Ganteng),MAMAN FVNKY,False,2026-05-26T14:02:14.000Z,https://www.tiktok.com/@cihuuy3714/video/7644200508315405589
tos-maliva-avt-0068/4abf0a9152478fb9b0197f0ec2a665d9,taylor.mantooth,MBG | #brazil #fyp #mbg ,48965,15453,1066841,467,1895,15.0,Mbg Mas Bahlil Ganteng,MR EWIK,False,2026-06-02T04:35:10.000Z,https://www.tiktok.com/@taylor.mantooth/video/7646651864628464910
tos-alisg-avt-0068/768a691113e2431ca50269eeacda7ecc,okta16738,pake musik mbg #komedi ,5368,177,1040971,327,1664,28.434,suara asli - Selvin komedi,Selvin komedi,False,2026-04-03T11:42:27.000Z,https://www.tiktok.com/@okta16738/video/7624496994354154773
tos-alisg-avt-0068/1ad312174d90f1f74dab1f8d2b613aa9,yap.bocah.roblox,"Akhirnya Mas Ceo, Yap & Yupi dipertemukan dengan lagu MBG #roblox #robloxfyp #robloxedit #robloxindonesia ",77472,4997,1028838,1661,8581,16.487,suara asli - YAPngupil,YAPngupil,False,2026-05-31T09:49:14.000Z,https://www.tiktok.com/@yap.bocah.roblox/video/7645990732444044562
tos-alisg-avt-0068/1d20d32506b54420014752cb501ab311,reyreyan18,Membalas @.. MBG….. #masbahlilganteng #fyp #reyhandi ,18921,631,998591,693,1688,55.967,Kanda My little Bolu Ketan,VOKALIZ_NETIZEN,False,2026-05-28T10:12:41.000Z,https://www.tiktok.com/@reyreyan18/video/7644883540718390549
tos-maliva-avt-0068/0e9bcc718b1e75b5faf431386db4f25f,angginitasari1012,"Aku Happy, aku senang, aku bahagia #fyp #dramampasi #genz ",25424,2266,991781,1166,876,42.234,suara asli - Anggi nita sari sihombing,Anggi nita sari sihombing,False,2026-05-31T08:35:24.000Z,https://www.tiktok.com/@angginitasari1012/video/7645971696008072468
tos-alisg-avt-0068/f6703798165212a235814b0d8c21b752,angelinawj,asik bet nih dc terbaru mas Balil ganteng🥰 #fyp #tutorialdance #dancetutorial #tutorialvelocity #velocityterbaru ,14984,2214,964659,205,4898,14.734,suara asli - 𝙼𝚒𝚖𝚘𝚖𝚒𝚡,𝙼𝚒𝚖𝚘𝚖𝚒𝚡,False,2026-05-30T11:10:08.000Z,https://www.tiktok.com/@angelinawj/video/7645640507367886088
tos-alisg-avt-0068/609d58e127cd421bb041ffcf0edd93fc,thomasflow24,"Lagu AI 'Mas Bahlil Ganteng' ini benar-benar fenomena yang menggabungkan politik, hiburan, dan budaya internet dengan cara yang unik dan lucu! Siapa sangka kreativitas netizen bisa menghasilkan lagu viral yang disukai berbagai kalangan, dari generasi muda hingga anak-anak? Video ini wajib ditonton untuk kamu yang ingin tahu bagaimana teknologi AI dan media sosial bisa menciptakan tren baru yang menghibur sekaligus menginspirasi! Jangan sampai ketinggalan, bagikan video ini dan buat temanmu ikut tertawa! #LaguViral#AIKreatif#MasBahlilGanteng#HiburanDigital#ViralTikTok",4609,208,943761,96,618,83.5,suara asli - Tom Rafles S.A,Tom Rafles S.A,False,2026-05-29T11:24:03.000Z,https://www.tiktok.com/@thomasflow24/video/7645273014807973127
tos-maliva-avt-0068/4abf0a9152478fb9b0197f0ec2a665d9,taylor.mantooth,Mas bahlil ganteng | #mbg #subway #brazil #fyp ,55154,12605,936497,855,2708,15.0,Mbg Mas Bahlil Ganteng,MR EWIK,False,2026-05-29T21:23:38.000Z,https://www.tiktok.com/@taylor.mantooth/video/7645427475916344606
tos-alisg-avt-0068/2c3a7c9a6074dbb566ea901c15966b69,pietronlivy,"mas bahlil ganteng, pengen ikutan ganteng jugaa dong.. @Mrdaniel.02 @Kelly Cherry #mbg #fyp #dancebrazil🇧🇷 #dance ",44808,2533,929047,128,1496,14.883,MBG (Mas Bahlil Ganteng),MAMAN FVNKY,False,2026-05-27T10:27:15.000Z,https://www.tiktok.com/@pietronlivy/video/7644516210431872276
tos-alisg-avt-0068/5b5897c0ef107e6bfeaf1948ba16e0cf,whiite_style,terbahlil Bahlil 🤣 #fypシ゚ #abdilogistik #masbahlilganteng ,23054,3014,904049,344,1761,14.567,suara asli - 𝐑𝐡𝐲𝐭𝐡𝐦𝐰𝐨𝐫𝐝s🎧,𝐑𝐡𝐲𝐭𝐡𝐦𝐰𝐨𝐫𝐝s🎧,False,2026-05-30T14:07:00.000Z,https://www.tiktok.com/@whiite_style/video/7645686095925103892
tos-alisg-avt-0068/759659ba0d505932e364c8f5f692594f,elena_imup1,izin pakkk #alightmotion #fyp #lewatberanda #fypppppppppppppppppppppp #tweening ,12165,3322,898227,860,2147,13.739,suara asli - //🕰️𝗲𝗹𝗲𝗻𝗮 𝟮𝟬𝗸⋆˚꩜｡𐙚//,//🕰️𝗲𝗹𝗲𝗻𝗮 𝟮𝟬𝗸⋆˚꩜｡𐙚//,False,2026-05-23T05:59:13.000Z,https://www.tiktok.com/@elena_imup1/video/7642962800301608212
tos-alisg-avt-0068/8c10aa9f06cdff93e8ed9847fe09d704,realiqmal80,dc limited😭,87649,5636,852052,279,2972,15.0,Mbg Mas Bahlil Ganteng,MR EWIK,False,2026-06-02T13:22:42.000Z,https://www.tiktok.com/@realiqmal80/video/7646787924993854741
tos-alisg-avt-0068/b37700a6b22679f55ea0aef3cab3800a,fyp_ngakak.id,Top Reaction Rizalmuk Part 2 #fyppppppppppppppppppppppp #ngakak #videolucu #Lucu #funnyvideos,27804,1231,831872,169,2032,197.487,suara asli - FYP_Ngakak,FYP_Ngakak,False,2026-05-27T08:00:00.000Z,https://www.tiktok.com/@fyp_ngakak.id/video/7644218720650349844
tos-maliva-avt-0068/006ec1df7b75f421986482710679b16f,aletaanovianda,Mbg,39784,1948,818762,481,4956,13.443,suara asli - Paris Pernandes,Paris Pernandes,False,2026-05-31T11:57:15.000Z,https://www.tiktok.com/@aletaanovianda/video/7646023740307885319
tos-alisg-avt-0068/a543a1f85885dd497609b40cfae51184,vokaliz_netizen,laguin min hahahaaa #vokaliz_netizen #komentarnetizentiktok #netizenindonesia #komentarnetizen #fypppp ,64892,6571,793959,930,5036,156.3,Bang Ngalah Dikitlah Bang,VOKALIZ_NETIZEN,False,2026-05-06T16:42:41.000Z,https://www.tiktok.com/@vokaliz_netizen/video/7636820155829357832
tos-alisg-avt-0068/7312074011570733058,metro_tv,Beginilah momen saat eks Kepala BGN Dadan Hindayana memakai rompi merah muda dengan kedua tangan diborgol menuju mobil tahanan. Dadan terlihat terdiam dan pasrah ketika masuk ke dalam mobil sembari disaksikan oleh para media. #metrotv #beritaviral #beritatiktok #fyp #viral #bgn #dadanhindayana #pimpinanbgn #mbg #kasuskorupsi #mobiltahanan,21893,2299,789426,1539,1285,59.456,suara asli - Metro TV,Metro TV,False,2026-06-03T12:11:39.000Z,https://www.tiktok.com/@metro_tv/video/7647140718279920916
tos-alisg-avt-0068/90e3cdd29a04843454cf35b0090520cd,asp.ai,MBG Mas Bahlil Ganteng Buah apa? Yang paling manis BUAAAHLILLLL Tambah ganteng aja My little bolu ketan #mbg #mbgmasbahlilganteng #lirikmbg #fyp #bahlil ,4555,1855,785068,289,493,28.606,suara asli - asp.ai,asp.ai,False,2026-05-30T18:30:22.000Z,https://www.tiktok.com/@asp.ai/video/7645753967615446292
tos-alisg-avt-0068/cdeec9d073a256fe0e964d05c82637e8,the.darlingss5,My little bolu ketan~😚❤️ #TheDarlingsss #masbahlilganteng #bahlil #Dancer #fypシ ,26289,7729,765527,977,1568,13.374,Kanda My little Bolu Ketan,VOKALIZ_NETIZEN,False,2026-05-27T10:04:59.000Z,https://www.tiktok.com/@the.darlingss5/video/7644510470933875989
tos-alisg-avt-0068/eb6b6684bfd334e8790e5cc638bfb774,pameuyy2,MBG mas bahlil ganteng,16479,1972,760674,612,490,25.591,suara asli - pameuyy2,pameuyy2,False,2026-05-22T09:45:26.000Z,https://www.tiktok.com/@pameuyy2/video/7642650006473739541
tos-alisg-avt-0068/1d1a9685ea37bfc7397a70838e757533,inidikha,Suka banget lagu MBG 😅 #videanak #fyp #kids #mbg ,5066,167,739646,361,1369,18.041,suara asli - inidikha,inidikha,False,2026-03-26T08:53:57.000Z,https://www.tiktok.com/@inidikha/video/7621484882467835157
tos-alisg-avt-0068/7f9250b2fdeb5da6be1a8831d3a0ca75,arcc923,Template👆 #CapCut #mbgmasbahlilganteng #bahlil #mylittleboluketan #trend ,3787,6481,739373,283,657,15.001,suara asli - ARR Template🪽,ARR Template🪽,False,2026-05-27T10:39:06.000Z,https://www.tiktok.com/@arcc923/video/7644519256398351636
tos-alisg-avt-0068/4f4a006a121d1f30785d8226002b6c2b,muchamaddianpermana,"Deskripsi TikTok: Siapa sangka lagu ""MBG (Mas Bahlil Ganteng)"" yang awalnya cuma iseng malah bikin satu kantor ikut nyanyi bareng! 🤣🔥 Kalau kalian ketemu pencipta lagunya, kira-kira mau bilang apa? Tulis di kolom komentar ya! 👇😆 Hashtag: #MBG #MasBahlilGanteng #Animasi3D #PixarStyle #KontenAI ",29804,4595,736739,914,1929,36.234,suara asli - muchamad dian permana,muchamad dian permana,False,2026-06-01T09:44:46.000Z,https://www.tiktok.com/@muchamaddianpermana/video/7646360675517844744
tos-alisg-avt-0068/a6234aa17894bd1eee6e3e0f682d8b8b,gadisbanuaaaa,Membalas @pipin ruspina lanjutannya 🥰🥰 #mbg #masbahlilganteng #bahlil #pakbahlil #mylittleboluketan ,16475,1056,735161,227,1288,28.838,suara asli - Gadis Banua 🌸,Gadis Banua 🌸,False,2026-05-23T16:52:17.000Z,https://www.tiktok.com/@gadisbanuaaaa/video/7643131088411430165
tos-alisg-avt-0068/b96e707d371b1b8795e4bcc81aa9d9b8,dokter.hitam,pesta porak loh ya 😹 #ngawipunyacerita #jmk48 #meme #fypシ #brainrot ,47231,55615,733668,1697,4864,31.4,suara asli - MAS FEBB,MAS FEBB,False,2026-06-03T11:08:03.000Z,https://www.tiktok.com/@dokter.hitam/video/7647124304349580551
tos-alisg-avt-0068/3cf0cc01b0ff8c3d8ffb4760284c7562,fr_gameplays23,Truck dan bus beraksi 💃 #eurotrucksimulator2 #ets2 #bussid #bussimulatorindonesia ,4559,221,729890,0,998,11.7,suara asli - FR Gameplays,FR Gameplays,False,2026-05-25T11:36:38.000Z,https://www.tiktok.com/@fr_gameplays23/video/7643791917494324501
tos-alisg-avt-0068/32073a35907ed719cea40ff7bb0f308a,lihatlah_ini,mas bahlil ganteng💓💓 #mbg #masbahlilganteng ,8050,3379,723945,363,1959,56.054,suara asli - Lihatllah Ini,Lihatllah Ini,False,2026-05-30T07:56:54.000Z,https://www.tiktok.com/@lihatlah_ini/video/7645590703061470471
tos-alisg-avt-0068/29ff86955e947aadde19ac16ef1efde7,fyi_id,"Lagu ""MBG Mas Bahlil Ganteng"" tengah viral di media sosial dan ramai digunakan pengguna TikTok untuk berbagai konten hiburan. Lagu bernuansa humor itu diduga dibuat oleh akun @ vokaliz_netizen yang dikenal sering mengubah komentar netizen menjadi lagu dengan lirik ringan dan mudah diingat. Melalui lirik jenaka, lagu tersebut menampilkan sosok Menteri ESDM sekaligus Ketua Umum Partai Golkar, Bahlil Lahadalia. Potongan audio lagu itu kini banyak dipakai ulang dalam unggahan video di berbagai platform digital. Menanggapi viralnya lagu tersebut, Sekjen Partai Golkar Sarmuji mengaku tidak mempermasalahkannya. la menilai lagu itu merupakan bentuk kreativitas netizen di media sosial. ""Itu kan justru berasal dari kreativitas netizen sebagai salah satu bentuk penghargaan netizen atas kerja keras Pak Bahlil,"" kata Sarmuji kepada wartawan, Selasa (26/5). Sarmuji juga menyebut kemunculan lagu-lagu kreatif di media sosial merupakan hal yang wajar di era digital. Menurutnya, lagu tersebut justru memberi kesan hiburan di tengah ramainya aktivitas media sosial. #mbg #bahlil ",23449,2050,718902,216,1827,69.38,suara asli - FYI ID,FYI ID,False,2026-05-27T13:28:19.000Z,https://www.tiktok.com/@fyi_id/video/7644562873607408904
tos-alisg-avt-0068/660fd4aa3ed3a589522841731bcb12d8,ilyasruchyat5,1 kata untuk bapak ini 🤗 #bgn #mbg #sppg #fyp #ai ,15456,7767,711619,3623,2020,28.468,suara asli - Bonang,Bonang,False,2026-06-03T16:08:01.000Z,https://www.tiktok.com/@ilyasruchyat5/video/7647201626087787796
tos-alisg-avt-0068/2e65314cb1c4daf8502754c052937ce9,haryang_bakti,MBG My Little Bolu Ketan - Orchestra Version 🎻 @DistroKid @VOKALIZ_NETIZEN #mylittleboluketan #mbg #masbahlilganteng #buahlil #orchestral ,39613,21597,693577,1381,4937,58.334,MBG My Little Bolu Ketan - Orchestra Version,Haryang Bakti,False,2026-05-29T08:01:14.000Z,https://www.tiktok.com/@haryang_bakti/video/7645220746217671944
tos-alisg-avt-0068/5afd3c2944f5ee54d649e89d7b84ff2a,dexinkuat,MBG mas bahlil gemoy🗿,3322,314,687478,400,601,14.734,suara asli - dexin12,dexin12,False,2026-05-29T03:00:00.000Z,https://www.tiktok.com/@dexinkuat/video/7645003547528105236
tos-alisg-avt-0068/5e814225d32256abe5d85296617dcfeb,riffdraa,#ootd #outfit #trending #fyp #viral ,12001,2219,680229,226,3402,13.816,Kanda My little Bolu Ketan,VOKALIZ_NETIZEN,False,2026-05-25T05:40:25.000Z,https://www.tiktok.com/@riffdraa/video/7643700107182968085
tos-alisg-avt-0068/2b06fde14e290bfc2a9bb41257acf70b,daarulhikambatam,BBM NAIK? SIAP DEMO! BBM nggak jadi NAIK? Masih Sibuk Su'uzon! Wahai orang-orang yang beriman! Jauhilah kebanyakkan dari prasangka (SU'UZON). Karena sebagian prasangka itu dosa. #bbmnaik #kebijakanpresiden #indonesiajaya #suuzon #prasangkaburuk ,47756,4635,675806,4622,3470,85.241,suara asli - (UAY) Agus Yusup,(UAY) Agus Yusup,False,2026-04-06T16:09:41.000Z,https://www.tiktok.com/@daarulhikambatam/video/7625679095476604181
tos-alisg-avt-0068/b46c4af8a79159c00733a907b4f0f656,mega.lodon324,MBG(mas bahlil ganteng)#rizalmukreaction #fyp #clips,23793,1031,655605,301,1688,70.734,suara asli - Mega Lodon clip,Mega Lodon clip,False,2026-05-24T15:58:51.000Z,https://www.tiktok.com/@mega.lodon324/video/7643488250245532945
tos-alisg-avt-0068/be8573eb2b2e7913b418432eccaf292e,1205meimei,,7889,567,649914,102,257,31.573,Kanda My little Bolu Ketan,VOKALIZ_NETIZEN,False,2026-05-29T03:28:50.000Z,https://www.tiktok.com/@1205meimei/video/7645150557212003605
tos-alisg-avt-0068/d157f1ccb236511e88161d4685ed8cec,meownyeng_,yang mau dapat MBG angkat tangan ✋🏻  #mbg #memes #kucinglucu #hiburan #cat ,5560,2093,638136,278,1188,12.7,suara asli - PAWON REBOUND,PAWON REBOUND,False,2026-03-17T04:47:04.000Z,https://www.tiktok.com/@meownyeng_/video/7618081476705389831
tos-maliva-avt-0068/2638186517367492133280355cf9a1b2,kita_berdua22,Siapa si yg nyiptain lagunya😭 #slsblfian #fyp ,18892,1401,637725,146,708,15.117,suara asli - Just Friend Nya Mus4b,Just Friend Nya Mus4b,False,2026-05-26T11:29:11.000Z,https://www.tiktok.com/@kita_berdua22/video/7644161077005126932
tos-alisg-avt-0068/61d355fcf428fb3bef2dcb2318004cde,maryam_kedua,"lewat mulu, kan jadi hafal 🤪",4523,251,634814,439,777,16.742,suara asli - Maryam2,Maryam2,False,2026-05-26T11:14:51.000Z,https://www.tiktok.com/@maryam_kedua/video/7644157387829431573
tos-alisg-avt-0068/7d2f8fa68ddbf54a7a2c456ac16f038c,sushiloperz,MBG (My Bini Gwe) 😋  #pov #foryou #funny #mbg #relatable ,47970,3669,610636,153,5671,21.222,suara asli - sa,sa,False,2026-04-28T12:15:54.000Z,https://www.tiktok.com/@sushiloperz/video/7633782737807166740
tos-alisg-avt-0068/22efb38b002923a95878a3874e2ee6e2,hansukagadget,Cara ubah sound MBG (Mas Bahlil Ganteng) Jadi nada dering whatsapp 🗿🗿 #tiktokio #nadadering ,5314,841,598820,163,1268,46.934,suara asli - •,•,False,2026-06-03T09:20:34.000Z,https://www.tiktok.com/@hansukagadget/video/7647096623033486612
tos-alisg-avt-0068/9411d5e6ca42b9d45763e119e3a3c2e0,derixmail,Siapa sih yg bikin sound MBG ini? #bahlil #mbg #ai ,6494,158,596117,208,1046,88.839,Kanda My little Bolu Ketan,VOKALIZ_NETIZEN,False,2026-05-26T12:22:37.000Z,https://www.tiktok.com/@derixmail/video/7644174830085950740
tos-alisg-avt-0068/d65674aaa3fdc8dc1947ba90b9f31733,redicha_icha,SEPAKAT!!! 🤝 #lagumbg #bahlil #sepakat #guru #gurumuda ,2552,171,589902,134,296,15.117,suara asli - Redicha Nitami Putri,Redicha Nitami Putri,False,2026-05-25T05:47:12.000Z,https://www.tiktok.com/@redicha_icha/video/7643701866521627911
tos-alisg-avt-0068/428ef31ac6bdef7460308f82130fd444,loisaramadhani_real,mas bahlil ganteng😝🥰 #loisaramadhani #fyp #sd #sma ,17123,765,589499,574,980,14.604,suara asli - 𝟙𝟠 𝔽𝕖𝕓𝕣𝕦𝕒𝕣𝕚,𝟙𝟠 𝔽𝕖𝕓𝕣𝕦𝕒𝕣𝕚,False,2026-06-02T09:08:47.000Z,https://www.tiktok.com/@loisaramadhani_real/video/7646722496846204180
tos-alisg-avt-0068/e4b88b80a388ce48bba85231913ac256,ramavilmei,mbg mas bahlil ganteng😎#rama #mbg #mbgmasbahlilganteng #trend #fyp bolu ketan bahlil original,6912,608,583058,2628,1815,14.8,suara asli - black mamba 🛖,black mamba 🛖,False,2026-05-25T17:05:09.000Z,https://www.tiktok.com/@ramavilmei/video/7643876587653303560
tos-alisg-avt-0068/25593ba9f663c8610ea4e3ac0672ca49,ahhfa_,Outfit Check sama bocil MBG 😏🙏🏻 #outfitcheck #outfitinspo ,21407,3117,580331,69,669,15.034,MBG (Mas Bahlil Ganteng),MAMAN FVNKY,False,2026-05-25T10:33:49.000Z,https://www.tiktok.com/@ahhfa_/video/7643775718970772744
tos-alisg-avt-0068/a543a1f85885dd497609b40cfae51184,vokaliz_netizen,"sekali lagi ga di ajak, aku laporin hahahaaaa #komentarnetijen #netizenindonesia #warga62 #vokaliz_netizen #fypviralシ",13393,519,571777,1022,797,285.514,suara asli - VOKALIZ_NETIZEN,VOKALIZ_NETIZEN,False,2026-05-18T21:30:00.000Z,https://www.tiktok.com/@vokaliz_netizen/video/7641316150143503636
tos-alisg-avt-0068/a543a1f85885dd497609b40cfae51184,vokaliz_netizen,"berangkat bang, jangan pulang hahaaa #netizenindonesia #komentarnetizentiktok #vokaliz_netizen #fyp #fyppppppppppppppppppppppp ",12875,4580,558631,663,1078,156.434,Albumnya Sudah beredar,VOKALIZ_NETIZEN,False,2026-05-05T11:24:44.000Z,https://www.tiktok.com/@vokaliz_netizen/video/7636367143860292882
tos-alisg-avt-0068/7c41bc5466728a766de8551020038189,bg.nicholas,"Buah,buah apa yang paling manis?🤔#VoiceEffects ",7834,507,550087,937,1008,24.914,suara asli - Nichol🦕,Nichol🦕,False,2026-05-31T04:03:12.000Z,https://www.tiktok.com/@bg.nicholas/video/7645901560173661458
tos-alisg-avt-0068/0e2cd050c9a5f155467984161a6d6259,famal859,"Lagu “MBG (Mas Bahlil Ganteng)” viral karena beberapa faktor yang pas digabung jadi tren besar di TikTok dan Instagram: Liriknya absurd dan lucu Ada kalimat seperti “Buah apa yang paling manis? Buahlil” dan “My little bolu ketan” yang terdengar random, sehingga banyak orang tertawa sekaligus penasaran. � suara.com + 1 Mudah nempel di kepala (earworm) Nadanya sederhana, repetitif, dan gampang diingat. Banyak orang akhirnya terus mengulang lagu itu tanpa sadar. Bahkan beberapa media menyebut fenomena ini sebagai earworm—lagu yang terus terngiang di kepala. � murianews.com + 1 Cocok untuk meme dan konten FYP Sound ini dipakai untuk video reaksi, meme, lip-sync, hingga editan lucu. Karena sering muncul di FYP, penyebarannya makin cepat. � IDN Times + 1 Mengangkat tokoh publik yang sudah dikenal Lagu ini merujuk pada Bahlil Lahadalia, sehingga banyak netizen langsung paham konteksnya dan ikut membahasnya. � suara.com Diduga dibuat dengan AI dan berasal dari komentar netizen Beberapa laporan menyebut lagu ini dibuat oleh akun kreator yang sering mengubah komentar-komentar warganet menjadi lagu menggunakan teknologi AI. Unsur unik ini juga menambah rasa penasaran publik. � CNN Indonesia + 2 Permainan singkatan “MBG” Banyak orang awalnya mengira MBG berarti Makan Bergizi Gratis, tetapi ternyata di lagu ini berarti Mas Bahlil Ganteng. Kejutan makna ini ikut membuat orang membicarakannya. ",3303,947,549110,362,656,13.96,suara asli - Famal,Famal,False,2026-05-28T23:39:59.000Z,https://www.tiktok.com/@famal859/video/7645091570923900180
tos-maliva-avt-0068/7ea79b8a61d2a29a2c056535aa93382e,kevinkahuni,sederhana… namun oscar tak mampu @Djihan ranti 😮‍💨❤️ #istiqomahcinta #mrsoulmate #puspa #mbg #masbahlilganteng ,11379,275,524408,236,701,15.0,Mbg Mas Bahlil Ganteng,Libbie Cupps,False,2026-05-31T04:27:59.000Z,https://www.tiktok.com/@kevinkahuni/video/7645907953387687188
tos-alisg-avt-0068/7f8aa32ef221e4d250712eed7473f2f1,marvincalla,Nyanyi MBG 😂,3794,146,521108,81,909,9.241,suara asli - Marvin Calla,Marvin Calla,False,2026-04-23T12:18:00.000Z,https://www.tiktok.com/@marvincalla/video/7631920100731342098
tos-alisg-avt-0068/a543a1f85885dd497609b40cfae51184,vokaliz_netizen,Akulah penguasa bumi hahahahaaa -  sumber : @fadilfurnijepara#komentarnetizen #warga62 #netizenindonesia #vokaliz_netizen #fyppppppppppppppppppppppppppppppppppp,14087,905,520971,233,560,213.323,suara asli - VOKALIZ_NETIZEN,VOKALIZ_NETIZEN,False,2026-05-25T13:49:46.000Z,https://www.tiktok.com/@vokaliz_netizen/video/7643826117656202512
tos-alisg-avt-0068/41b1084085bf9b8965d6ce342f18c399,ezaardiann01,Trend dc terbaru @Eza•🦨 nih 🤩🤩🤙🏻🤙🏻 gas ramein temen temen #velocity #ezaardian #foryoupage #masukberanda #fyp ,19822,1481,518506,69,4941,20.804,Mbg Mas Bahlil Ganteng,MR EWIK,False,2026-06-02T04:02:06.000Z,https://www.tiktok.com/@ezaardiann01/video/7646643468609031442
tos-alisg-avt-0068/b2b90e0e2df6485c092e03001a80b697,nayyazun,MBG Mas Bahlul Ganteng  #mbg #trend #dc #trending #fyp ,19774,255,509076,619,1147,15.1,Mbg Mas Bahlil Ganteng,MR EWIK,False,2026-06-03T08:59:22.000Z,https://www.tiktok.com/@nayyazun/video/7647091149311724818
tos-useast2a-avt-0068-aiso/3a3e9ad0b2b07477274d591abaf5f0de,bodyfitbybagus,AEROBIK BL MUSIK VIRAL MBG !  YANG UDAH IKUTAN JANGAN LUPA KOMEN YA ! #bodyfitbybagus ,11550,3084,504734,284,3287,56.936,suara asli - Bodyfit by Bagus,Bodyfit by Bagus,False,2026-05-29T09:00:21.000Z,https://www.tiktok.com/@bodyfitbybagus/video/7645166437656464658
tos-alisg-avt-0068/3b900ba022b531b35ff4b79ea5586d8d,user_12848.1,bagian 1 | aduh gimana ya ten..#meme #daging,33102,4808,500109,172,749,37.2,suara asli - ￴ ￴ ￴ ￴ ￴ ￴ ￴ ￴￴ ￴ ￴ ￴ ￴ ￴,￴ ￴ ￴ ￴ ￴ ￴ ￴ ￴￴ ￴ ￴ ￴ ￴ ￴,False,2026-05-29T17:20:37.000Z,https://www.tiktok.com/@user_12848.1/video/7645364903498403093
tos-alisg-avt-0068/1807aa29362f73071c44e8b552e30582,youreout092,MBG🫰🏻 #bahlil #mbg #kontenlucu ,3309,1954,491508,140,517,30.934,suara asli - Erulkh,Erulkh,False,2026-05-28T10:48:31.000Z,https://www.tiktok.com/@youreout092/video/7644892780816305415
tos-alisg-avt-0068/728051362d88c6007576ce66bef0e079,princemom73,Mas Bahlil Ganteng 🥰 #princetrixiebennedict #tjhangmoifa #dance #model #mbg ,7080,3008,489308,324,373,15.4,Mbg Mas Bahlil Ganteng,MR EWIK,False,2026-05-31T07:11:05.000Z,https://www.tiktok.com/@princemom73/video/7645949997686541586
tos-alisg-avt-0068/08f7067117f8164adf94601776dba98c,musicquotes91,ayook kita nyanyi rame rame #liriklagu #mbg #buaaahlil  #laguviral #fyp ,2939,1015,477168,258,745,52.013,suara asli - musicquotes91,musicquotes91,False,2026-05-26T14:53:05.000Z,https://www.tiktok.com/@musicquotes91/video/7644213622394113301
tos-alisg-avt-0068/cbc68da941ce2ff7a532052c6a961972,aadilham,MBG jadi YBB (Yuk Belajar Bareng)😁. Izin vocaliz_netizen #masbahlilganteng #mbgcore #lipsingchallenge #parodysong #gurumurid ,8218,993,462911,614,982,56.052,Kanda My little Bolu Ketan,VOKALIZ_NETIZEN,False,2026-05-27T07:58:27.000Z,https://www.tiktok.com/@aadilham/video/7644477864493976852
tos-alisg-avt-0068/a543a1f85885dd497609b40cfae51184,vokaliz_netizen,asoy geboy icikiwir #komentarnetizen #warga62 #vokaliz_netizen #wargatiktok #fypシ゚viral🖤tiktok,4280,271,454956,248,354,218.408,suara asli - VOKALIZ_NETIZEN,VOKALIZ_NETIZEN,False,2026-05-20T12:08:23.000Z,https://www.tiktok.com/@vokaliz_netizen/video/7641944677771480340
tos-alisg-avt-0068/6f623cabde66528603bd3e70c0a55169,annisawardjan,"Ngefly banget sumpah.. sebelum tindakan, mlm nya ke maps horor roblox & yang lain pada nyanyi2 lagu bahlil. #efekbius #operasi #myboluketan #bahlillahadalia #annisawardjan ",12735,4698,451654,365,965,24.8,MBG (Mas Bahlil Ganteng),MAMAN FVNKY,False,2026-05-27T03:21:13.000Z,https://www.tiktok.com/@annisawardjan/video/7644406429599730952
tos-alisg-avt-0068/fa2f3d087c59857e9fa42396facf12d4,b_burik,MBG Masuk Bui Gue🤣🤣🤣 #aivideo  #hiburan  #bangburik  #mbg ,11229,7199,451248,935,1540,14.9,suara asli - B-Burik,B-Burik,False,2026-06-03T13:03:18.000Z,https://www.tiktok.com/@b_burik/video/7647154016073420052
tos-alisg-avt-0068/a543a1f85885dd497609b40cfae51184,vokaliz_netizen,manggut manggut aja yaaaa.. #vokaliz_netizen #komentarnetizen #wargatiktok #netizenindonesia #fypppppppppppppppppppppp,16319,396,449528,1548,870,199.901,suara asli - VOKALIZ_NETIZEN,VOKALIZ_NETIZEN,False,2026-05-10T12:04:25.000Z,https://www.tiktok.com/@vokaliz_netizen/video/7638232675593112833
tos-maliva-avt-0068/4abf0a9152478fb9b0197f0ec2a665d9,taylor.mantooth,MBG | #brazil🇧🇷 #mbg #fyp ,14226,3768,439292,195,686,15.0,Mbg Mas Bahlil Ganteng,MR EWIK,False,2026-05-31T08:45:23.000Z,https://www.tiktok.com/@taylor.mantooth/video/7645974052871425311
tos-alisg-avt-0068/39bc5f66a81958d05b5b5e3be4f835fa,dammikh,#CapCut MBG...!!!MAS BAHLIL GANTENG!!!#mbg #MAS#BAHLIL#GANTENG ,29177,5072,430185,665,1899,27.1,suara asli - aa_angga🙇,aa_angga🙇,False,2026-06-02T15:17:28.000Z,https://www.tiktok.com/@dammikh/video/7646817495944367380
tos-alisg-avt-0068/a543a1f85885dd497609b40cfae51184,vokaliz_netizen,jangan lama lama dong minnnn #komentarnetizen #warga62 #vokaliz_netizen #netizenindonesia #fypdong,5784,251,429802,537,324,219.801,suara asli - VOKALIZ_NETIZEN,VOKALIZ_NETIZEN,False,2026-05-16T09:01:05.000Z,https://www.tiktok.com/@vokaliz_netizen/video/7640412067521973524
tos-alisg-avt-0068/a543a1f85885dd497609b40cfae51184,vokaliz_netizen,DUTA RATIKULASI @devioctarina4 #komentarnetizen #wargatiktok #netizenindonesia #komentarnetizentiktok #fyppppppppppppppppppppppp,20915,1459,425821,370,1116,224.143,suara asli - VOKALIZ_NETIZEN,VOKALIZ_NETIZEN,False,2026-05-12T10:51:46.000Z,https://www.tiktok.com/@vokaliz_netizen/video/7638956252378303762
tos-alisg-avt-0068/084d713410f68e3c0d0bc95e7e0f9f6d,adyrasss,Mas ican ganteng @Abahican73 ,33861,406,408967,65,830,34.783,Mbg Mas Bahlil Ganteng,MR EWIK,False,2026-06-03T10:24:32.000Z,https://www.tiktok.com/@adyrasss/video/7647113110939061511
tos-maliva-avt-0068/0dee6e960faa6807108e789de71d65ad,yuukiituru,velocity mbg mberot 🤙🏻🤙🏻,17154,781,404651,600,1791,15.034,suara asli - BERDIKARI 11.02,BERDIKARI 11.02,False,2026-06-01T09:19:53.000Z,https://www.tiktok.com/@yuukiituru/video/7646354253325356308
tos-alisg-avt-0068/a346eec50480524df2f13956f08e7730,team_bakso,,4894,2566,402366,697,1075,15.767,suara asli - team bakso 🌟,team bakso 🌟,False,2026-05-26T10:14:37.000Z,https://www.tiktok.com/@team_bakso/video/7644141862554537236
tos-alisg-avt-0068/a170d40b73286fb036c9a013c6d5322f,shaaqi29,MBG “mas bahlil ganteng” 🫢 #pianika #mbg #masbahlilganteng #fyp #kids,6280,2824,383633,1079,1361,15.542,suara asli - shaaqi,shaaqi,False,2026-05-29T08:56:05.000Z,https://www.tiktok.com/@shaaqi29/video/7645234886650891540
tos-alisg-avt-0068/e1327325003997958a8340e01bfc61fa,manznopoi2,te ecreug @WILLIE SALIM #mbg#bahlil#ganteng#fyp#core ,3880,1585,369387,128,225,20.388,suara asli - Manz.,Manz.,False,2026-06-02T14:28:49.000Z,https://www.tiktok.com/@manznopoi2/video/7646804973233278216
tos-alisg-avt-0068/ff0eca54af6fb5322a191ba63144c79d,naahyuna,😔 adiknya kliatan ga nyaman… nasinya cuma ditoel toel  sc MetroTV ytb #mbg #news ,63036,28039,368190,1690,4129,23.173,suara asli - VooDoo,VooDoo,False,2026-06-04T04:06:06.000Z,https://www.tiktok.com/@naahyuna/video/7647386653480258834
tos-alisg-avt-0068/572893015f2f11e8fc90cf6edd0ec7be,turrzhyperr_24,buahhh lil?🗿 #starboyfj #ff #turrzhyperr ,28073,4720,367962,283,1765,15.134,Mbg Mas Bahlil Ganteng,MR EWIK,False,2026-05-31T11:43:06.000Z,https://www.tiktok.com/@turrzhyperr_24/video/7646020099651931399
tos-alisg-avt-0068/9dd50834c5fbcabeae61209a5dd9d990,sppgparakanjaya,Siapa yang suka menu hari ini absen😋☝🏻☝🏻☝🏻☝🏻 #sppgparakanjaya3 ,6231,843,364742,82,1033,15.093,"suara asli - Rayvenn, n nya dua","Rayvenn, n nya dua",False,2026-05-25T05:11:07.000Z,https://www.tiktok.com/@sppgparakanjaya/video/7643692564280839444
tos-alisg-avt-0068/8c0e2ded8183d9fdf466317ea37b57c6,amelyandinitr,Ibu bapak guru izin join the trend😂🙏🏻 #mbg #mbglovers❤️ #masbahlilganteng #gurutiktok #gurusd ,1382,93,363667,50,242,15.2,MBGanteng Imp,IMP ID,False,2026-05-29T03:58:56.000Z,https://www.tiktok.com/@amelyandinitr/video/7645158315659414805
tos-alisg-avt-0068/891d580831d1c14667ce75df69b50c9e,wahyu_kusuma1,,1755,2012,363585,331,315,30.667,suara asli - Erulkh,Erulkh,False,2026-05-28T06:41:16.000Z,https://www.tiktok.com/@wahyu_kusuma1/video/7644829060954180884
tos-alisg-avt-0068/510293ea72966251f6b23c7525596b06,liliabelajar,MBG ,1271,79,358816,39,291,12.7,suara asli - YT/IG : @fajarlilia,YT/IG : @fajarlilia,False,2026-05-30T04:40:47.000Z,https://www.tiktok.com/@liliabelajar/video/7645540166312021268
tos-alisg-avt-0068/a543a1f85885dd497609b40cfae51184,vokaliz_netizen,STOPP!!! gue kecanduan… hahahaaaa #komentarnetizen #warga62 #netizenindonesia #vokaliz_netizen #fyppppppppppppppppppppppppppppppppppp,5154,301,358431,596,408,229.739,suara asli - VOKALIZ_NETIZEN,VOKALIZ_NETIZEN,False,2026-05-24T15:51:18.000Z,https://www.tiktok.com/@vokaliz_netizen/video/7643486461521595669
tos-alisg-avt-0068/c245ac36e8dcdf76b2b41a8aa894c2e2,thetransvaliaballs,Si Indo dan Malay nyanyi lagu MBG (Mas Bahlil Ganteng) 😎✨ #countryballs #jokes #viral #masbahlilganteng #fyp ,4844,347,358328,2441,1090,30.6,suara asli - The Transvalia Balls,The Transvalia Balls,False,2026-05-26T11:55:42.000Z,https://www.tiktok.com/@thetransvaliaballs/video/7644167916212030738
tos-alisg-avt-0068/a6234aa17894bd1eee6e3e0f682d8b8b,gadisbanuaaaa,Alhamdullah udh hafal #mbg #masbahlilganteng #mylittleboluketan #bahlil #bumn,9481,559,357045,352,467,28.676,suara asli - Gadis Banua 🌸,Gadis Banua 🌸,False,2026-05-23T03:23:21.000Z,https://www.tiktok.com/@gadisbanuaaaa/video/7642922622128327957
tos-maliva-avt-0068/5c9e07d446a5e3c82b1b100ef896f8b8,ndhukayu,MBG,29748,1256,352443,152,1429,14.8,suara asli - BERDIKARI 11.02,BERDIKARI 11.02,False,2026-06-02T08:38:48.000Z,https://www.tiktok.com/@ndhukayu/video/7646714766710328594
tos-alisg-avt-0068/9327983d9c4035db39c2c87ef34d2752,cucula13,Mas Bahlil Tambah ganteng deh #mbg #musikviral #KucingGemoy #kucinglucu #kucingimutlucu ,4398,883,344430,231,862,15.906,suara asli - Cucula,Cucula,False,2026-05-29T02:17:01.000Z,https://www.tiktok.com/@cucula13/video/7645132034511342866
tos-alisg-avt-0068/6113d2188db80d50ea1713e79bfb4d10,bangbaka8,MBG (Mas Bahlil Ganteng) 🔥 Lagu Viral Media Sosial 2026   Gitar Rakyat,6247,1216,342634,252,1064,270.536,suara asli - ( . )ABI🌶️IZAM( . ),( . )ABI🌶️IZAM( . ),False,2026-05-29T17:51:16.000Z,https://www.tiktok.com/@bangbaka8/video/7645372785107209493
tos-alisg-avt-0068/514ad1e56d5278514ce64524458601e1,ubay.aj0,bahlil ganteng,1048,174,336768,206,148,13.967,suara asli - AdindaBahlil,AdindaBahlil,False,2026-05-25T13:33:13.000Z,https://www.tiktok.com/@ubay.aj0/video/7643821953123486997
tos-alisg-avt-0068/dbb6bdd8924141043674a5072e1c27ca,rizamatikeren,MBG : Mas Bahlil Ganteng?  #MBG #bahlil #masbahlilganteng ,1595,442,336761,145,266,25.867,suara asli - Riza Taqwa,Riza Taqwa,False,2026-05-25T01:42:19.000Z,https://www.tiktok.com/@rizamatikeren/video/7643638768716598535
tos-alisg-avt-0068/6066ce950b435de2618a2a106d1812a9,sppg.al.anwar2,"Menu MBG Hari ini tanggal 2 Juni 2026 di SPPG AL ANWAR 2 “ Nasi, Dory Crispy, Ca wortel kembang kol sawi putih, tahu goreng dan semangka” 🍱 Selamat menikmati menu MBG Hari ini semuanya #makanbergizigratis #bgn #mbg #sppg #fyp ",2003,76,334960,75,419,20.934,Tepuk Makan Bergizi Gratis (MBG),Rizalduh,False,2026-06-02T03:01:24.000Z,https://www.tiktok.com/@sppg.al.anwar2/video/7646627811129593109
tos-alisg-avt-0068/2fd0d218c2ab7874ceaf83d1f7e1df4d,nathanyollow,my little bolu ketan☺️ #mbg #masbahlilganteng ,17720,3927,324089,546,1433,15.034,MBG (Mas Bahlil Ganteng),MAMAN FVNKY,False,2026-05-22T11:52:32.000Z,https://www.tiktok.com/@nathanyollow/video/7642682763807624456
tos-alisg-avt-0068/6c8a78cfc3cb9d63d7603078a246a9cf,panggilajasindyyy,‘my little bolu ketan😭😭😭’ #laguMBG #Bahlil #soundlucu #fyppppppppppppppppppppppp ,5758,298,322605,306,455,17.135,suara asli - AdindaBahlil,AdindaBahlil,False,2026-05-22T12:36:11.000Z,https://www.tiktok.com/@panggilajasindyyy/video/7642694007587409160
tos-alisg-avt-0068/a543a1f85885dd497609b40cfae51184,vokaliz_netizen,"Repost lagiiiiii ""The Power Of Netizen"" #komentarnetizen #warga62 #vokaliz_netizen #netizenindonesia #fypdong",5104,269,320512,102,297,210.374,suara asli - VOKALIZ_NETIZEN,VOKALIZ_NETIZEN,False,2026-05-16T22:30:00.000Z,https://www.tiktok.com/@vokaliz_netizen/video/7640415426492648725
tos-alisg-avt-0068/a543a1f85885dd497609b40cfae51184,vokaliz_netizen,"mbg libur dulu, biar king MU yang memasak yaa #netizenindonesia #kingmu #komentarnetizentiktok #vokaliz_netizen #fyp ",16588,3869,306677,342,1052,105.28,suara asli - VOKALIZ_NETIZEN,VOKALIZ_NETIZEN,False,2026-05-04T05:05:04.000Z,https://www.tiktok.com/@vokaliz_netizen/video/7635898216726138119
tos-alisg-avt-0068/8c79d1985452dc284b3313b6c27d2107,urfav.awisy,Buah apa yang paling manis ek🧐 | #fypシ゚ #fyp #viral #imandarwisy #meme ,8155,2125,306140,521,901,13.838,Kanda My little Bolu Ketan,VOKALIZ_NETIZEN,False,2026-05-25T09:55:37.000Z,https://www.tiktok.com/@urfav.awisy/video/7643765869918653704
tos-alisg-avt-0068/6cf7f44f82811f20ef5571315a4424c6,attahalilintar,Joget kesetrum.,31913,690,302548,622,577,15.022,suara asli - 𝟑𝟎𝟑 𝐙𝐲𝐲𝐢𝐥𝐲𝐫𝐢𝐜𝐬.,𝟑𝟎𝟑 𝐙𝐲𝐲𝐢𝐥𝐲𝐫𝐢𝐜𝐬.,False,2026-06-04T06:47:26.000Z,https://www.tiktok.com/@attahalilintar/video/7647428232135871764
tos-maliva-avt-0068/a6d5f29a3e8f5758a0a46d1ee58ef76f,djoeragankacang,Kakanda adinda  #bahlil #raffiahmad #kakanda #adinda #masbahlilganteng ,7980,2222,300661,81,351,8.5,suara asli - Djoeragann,Djoeragann,False,2026-05-27T16:58:07.000Z,https://www.tiktok.com/@djoeragankacang/video/7644616912403565832
tos-alisg-avt-0068/a543a1f85885dd497609b40cfae51184,vokaliz_netizen,korban harapan palsu @marvel922 @devioctarina4 #sapisong #komentarnetizen#komentarnetizentiktok #wargatiktok #fyp,11124,1135,293823,270,668,164.212,suara asli - VOKALIZ_NETIZEN,VOKALIZ_NETIZEN,False,2026-05-10T06:38:47.000Z,https://www.tiktok.com/@vokaliz_netizen/video/7638148890843155732
tos-alisg-avt-0068/39263d28f91dc1079b0fa29cb7f358c8,raraazudez,😭😭 #fy #fypp#for #pageforyou_🔥 ,33892,1666,293003,289,1690,15.046,cool enough for you,Skyline,False,2026-06-01T08:37:12.000Z,https://www.tiktok.com/@raraazudez/video/7646343257919622421
tos-alisg-avt-0068/2094593574b427b57240a3726a3d1d00,konadesign1922,MBG mas badhot ganteng 🤣 #dhotdesign #kona #geng4g #animasi #fyp ,29987,1352,278705,185,2370,19.867,Mbg Mas Bahlil Ganteng,MR EWIK,False,2026-06-03T14:32:24.000Z,https://www.tiktok.com/@konadesign1922/video/7647176961000885524
tos-alisg-avt-0068/1272329e4f3f8c69d4e434f7c17d70f7,indonesiaemas455,#presidenprabowo #prabowo #mbg #fyp ,5704,276,277919,245,387,83.801,suara asli - indonesia emas 2045,indonesia emas 2045,False,2026-06-03T13:14:33.000Z,https://www.tiktok.com/@indonesiaemas455/video/7647156919756442898
tos-alisg-avt-0068/690a8f8540848910133a6ec25f061c8c,manujuramadhan,,2036,88,274035,122,203,30.628,suara asli - asep rocky ❤,asep rocky ❤,False,2026-05-26T09:05:16.000Z,https://www.tiktok.com/@manujuramadhan/video/7644123984354872597
tos-alisg-avt-0068/a3f17fc1cbbc2c08f4151f1b47bc6177,nabilabyaaa,"ImoOoy saking excitednya sama pantaiii..😭😭 waitt, unlock karakter baruuu?!! #imoy #animasi #animasilucu #pantai #pik",13281,509,272741,91,548,33.2,Mbg Mas Bahlil Ganteng,MR EWIK,False,2026-06-03T08:43:04.000Z,https://www.tiktok.com/@nabilabyaaa/video/7647086947009121557
tos-alisg-avt-0068/2ccd544b16bedba0cd3eda921be02e0c,azza.azhara,kepala BGN jadi tersangka #viral #mbg #dadan #breakingnews #viralvideo ,3186,953,270764,344,409,99.637,suara asli - Azza Azhara,Azza Azhara,False,2026-06-03T13:31:48.000Z,https://www.tiktok.com/@azza.azhara/video/7647161350715657493
tos-alisg-avt-0068/aa1045d33a44720278ddba0fe57b22f4,ziellgi,siapa yg menciptakan lagu MBG 😡😭😭😭( hanya AI )  #lewatberanda #ngakak #mbg #bahlillahadalia #fyp ,3419,571,270294,99,374,20.016,suara asli - Heni G12,Heni G12,False,2026-05-31T05:16:39.000Z,https://www.tiktok.com/@ziellgi/video/7645920499612028180
tos-alisg-avt-0068/b700805da49885a78731eb7885276f8d,opi.julianti,Mobil mbg bagi”ESKRIM #diy #eskrim #foryoupage ,1619,68,265578,60,418,20.734,suara asli - Opi Julianti,Opi Julianti,False,2026-04-20T03:12:51.000Z,https://www.tiktok.com/@opi.julianti/video/7630674087416728853
tos-alisg-avt-0068/5d8445ddeaefbf3ab9866a93aa92ec84,ytbintangnation,DJ MBG MAS BAHLIL GANTENG VIRAL TIKTOK TERBARU 2026!! #dj #djviraltiktok #fyp #xyzbca #masukberanda ,3194,2943,264930,309,1008,146.054,suara asli - Bintang Nation,Bintang Nation,False,2026-05-27T12:42:44.000Z,https://www.tiktok.com/@ytbintangnation/video/7644551117321424149
tos-alisg-avt-0068/f25c7856db6859be74c2ebd3e9bbad03,klaraseojun,LAGU APA INI??😭😭,1827,76,264263,384,368,23.034,suara asli - Klara & Seojun 💕,Klara & Seojun 💕,False,2026-05-28T05:37:35.000Z,https://www.tiktok.com/@klaraseojun/video/7644812636915371271
tos-alisg-avt-0068/7322629500984885250,cafegokil,"Ini mobil Truk MBG nyangkut, ini mobil Bus MBG, ini mobil MBG kecil ⁉️ #mbg #mobilmbg",1428,53,262827,54,363,10.634,suara asli - CafeGokil,CafeGokil,False,2026-05-30T13:19:10.000Z,https://www.tiktok.com/@cafegokil/video/7645673765749230868
tos-alisg-avt-0068/1ae56aeda07bcdbf4db30c56aaba20d9,miebalapgentayangan,Review no peresss “eemmm”,7798,131,262319,83,251,45.046,suara asli - MBG,MBG,False,2026-04-05T15:05:28.000Z,https://www.tiktok.com/@miebalapgentayangan/video/7625291483012254984
tos-alisg-avt-0068/fa2f3d087c59857e9fa42396facf12d4,b_burik,Membalas @shafiyaalmiramira dia bisa bikin harga bbm stabil ga?😅😅😅 #aivideo  #bbm  #bahlillahadalia  #bahlil  #hiburantiktok ,6283,2953,254221,954,419,14.954,suara asli - B-Burik,B-Burik,False,2026-04-09T07:00:16.000Z,https://www.tiktok.com/@b_burik/video/7626395496726187285
tos-alisg-avt-0068/72145b914806b99e86a8ba878e30c7fd,updatedaily.indo,Siapa sih yang nyiptain lagu Mas Bahlil Ganteng?  #komentarnetizen #warga62 #mylittleboluketan #indoupdate #viraldaily ,8145,1335,249551,1312,957,46.234,suara asli - Indo Update,Indo Update,False,2026-05-29T09:55:42.000Z,https://www.tiktok.com/@updatedaily.indo/video/7645250206170189073
tos-alisg-avt-0068/9f3297e11f9b549eca01009da3d85827,lyricmalam,"MBG 2.0, Lirik lagu lagi viral Mas Bahlil Ganteng yang baru,#viral #trending #fyp  #SmallAffiliate ",2354,1030,242124,112,754,30.837,suara asli - Erulkh,Erulkh,False,2026-05-28T10:30:35.000Z,https://www.tiktok.com/@lyricmalam/video/7644888162283687186
tos-alisg-avt-0068/ed51432d0a751c4cad9f2cef01e0f759,dyrooth_gaming6578,mas bahilil versi MX king,2993,332,238523,114,407,20.481,suara asli - mod bussid truck12,mod bussid truck12,False,2026-06-02T04:45:32.000Z,https://www.tiktok.com/@dyrooth_gaming6578/video/7646654665290943762
tos-maliva-avt-0068/bfdde317602229feea8f81c9e24db2f8,dj_oleng,MBG Mas Bahlil Ganteng - Dance #trendance2026 #velocitybaru #danceviral #danceterbaru #dcbaru ,1315,211,237989,98,413,14.35,suara asli - 𝙼𝚒𝚖𝚘𝚖𝚒𝚡,𝙼𝚒𝚖𝚘𝚖𝚒𝚡,False,2026-05-31T10:59:14.000Z,https://www.tiktok.com/@dj_oleng/video/7646008795935608085
tos-maliva-avt-0068/4abf0a9152478fb9b0197f0ec2a665d9,taylor.mantooth,#indonesia🇮🇩 ,7354,1441,237041,168,236,15.0,Mbg Mas Bahlil Ganteng,MR EWIK,False,2026-06-03T06:24:16.000Z,https://www.tiktok.com/@taylor.mantooth/video/7647051026561846559
tos-alisg-avt-0068/3fa112b70ff8d8e30e74ae0abc20693b,mahmudbrutalbgt,MBG mas mahlil guanteng #Minecraft #mojang ,1998,636,235657,225,582,30.967,suara asli - Erulkh,Erulkh,False,2026-06-02T09:04:30.000Z,https://www.tiktok.com/@mahmudbrutalbgt/video/7646721134628457729
tos-alisg-avt-0068/d5c1882d703308cd60d7f8a9126ea3a2,palmsugarr____,Demi mbg MAs bahlil ini 😂🤣,12050,814,234572,102,1013,15.024,MBG (Mas Bahlil Ganteng),MAMAN FVNKY,False,2026-05-26T03:26:54.000Z,https://www.tiktok.com/@palmsugarr____/video/7644036798229892370
tos-maliva-avt-0068/404416f120b42a482373ec278c41ab4a,saidmendala,anak kecil ini ikut angkat bicara #vttiktok #beritaviral #fyp #suaranetizen ,5348,1265,233961,637,559,49.18,suara asli - suara netizen,suara netizen,False,2026-03-27T10:53:00.000Z,https://www.tiktok.com/@saidmendala/video/7621886617103518996
tos-alisg-avt-0068/91ae495c119b2610842fbe4f3e29c651,medankinian,Video seorang perempuan yang diduga masih terpengaruh efek obat bius viral di media sosial usai dirinya spontan menyanyikan lagu “Mas Bahlil Ganteng” (MBG). Tingkah lucunya sukses mengundang tawa warganet 😄 #ViralIndonesia #efekbius #mbg #viral #bahlillahadalia,3404,2580,232712,212,300,13.034,suara asli - Medankinian,Medankinian,False,2026-06-03T06:11:09.000Z,https://www.tiktok.com/@medankinian/video/7647047793453878535
tos-alisg-avt-0068/0a239996200574826c2769d867a218f8,pantaipantai21,mbg mas Bahlil ganteng🗿 versi nama² epep #kontenhiburan #bahlil #mbg #fypbjir ,841,159,227090,77,68,15.0,suara asli - 𝙁𝙄𝙏𝙊 || 𝕰𝖒𝖕𝖎𝖗𝖊 ++,𝙁𝙄𝙏𝙊 || 𝕰𝖒𝖕𝖎𝖗𝖊 ++,False,2026-05-26T04:06:38.000Z,https://www.tiktok.com/@pantaipantai21/video/7644047033237589269
tos-alisg-avt-0068/60cbbd721c9692b4231aa26d21846bda,yaudahadudu,Ikut ikutan bikin trend MBG ini karena pak Bahlil memang ganteng bangetttt!!! 😭😭😭 #mbglovers❤️ #masbahlilganteng #bahlil #ai,1352,541,225778,129,330,15.634,MBG (Mas Bahlil Ganteng),MAMAN FVNKY,False,2026-05-25T15:58:01.000Z,https://www.tiktok.com/@yaudahadudu/video/7643859279983725844
tos-alisg-avt-0068/8b200d8a5b1ca2558f49d5d4044ed698,lakeishaelodie,Sorry ya kei mama jail 🤣🙏🏻🤏🏻  #mbg #masbahlilganteng #pov,5219,980,224396,134,239,21.267,suara asli - Lakeisha Tiana,Lakeisha Tiana,False,2026-05-25T10:36:43.000Z,https://www.tiktok.com/@lakeishaelodie/video/7643776461479988500
tos-alisg-avt-0068/a543a1f85885dd497609b40cfae51184,vokaliz_netizen,Tanggung jawab min syalalalaaa hahahaaa #komentarnetizen #netizenindonesia #warga62 #vokaliz_netizen #fypdong,1414,63,224226,185,96,195.583,suara asli - VOKALIZ_NETIZEN,VOKALIZ_NETIZEN,False,2026-05-15T09:30:00.000Z,https://www.tiktok.com/@vokaliz_netizen/video/7640001013352582408
tos-alisg-avt-0068/20cf5f0f8328f5a8b659d29795d36ef1,xdns1097,Kalian udah hapal blom?? 😂#mbg #viral #fyp #laguviral ,2085,163,218816,128,334,26.634,suara asli - XDN CLIP,XDN CLIP,False,2026-05-27T11:17:38.000Z,https://www.tiktok.com/@xdns1097/video/7644529195283942663
tos-alisg-avt-0068/94a6624e5d9b1642a1ccdd1b8bb762ab,kucinglucumenyanyi,Kucing lucu menyanyi lagu MBG #fyp #mbg #kakanda ,2390,220,218756,173,675,15.067,suara asli - KLM,KLM,False,2026-06-01T22:37:52.000Z,https://www.tiktok.com/@kucinglucumenyanyi/video/7646559871281810696
tos-alisg-avt-0068/a75686bf38c18504a99fb88e39250761,wiljaysan8,"Guys kenalin ini adek aku namanya wilor dan dia lagi main di ""Bahlil tower"", sambil nyanyi Mbg. cobain yu main !!! by : @Nusa Play dan @cesya  #mbg #bahlil #tower #viral #roblox ",2586,276,216648,323,708,20.634,Kanda My little Bolu Ketan,VOKALIZ_NETIZEN,False,2026-06-03T04:00:14.000Z,https://www.tiktok.com/@wiljaysan8/video/7646889802024979720
tos-alisg-avt-0068/fa2f3d087c59857e9fa42396facf12d4,b_burik,kanda mendunia🔥🔥🔥 #aivideo  #hiburan  #bangburik  #bahlil ,1900,680,214693,100,186,14.334,suara asli - B-Burik,B-Burik,False,2026-05-27T07:01:50.000Z,https://www.tiktok.com/@b_burik/video/7644463250821631253
tos-alisg-avt-0068/df97d32e5e4b18f47526107aa7ac1112,claudioandirene,MBG gua vs MBG @Patricia Lourence siang ini. Sehat-sehat lelaki pejuang rupiah 😊🙏🏻 #ireneandio #Relationship #mbg #coupletiktok #relateable  ,10505,2413,209317,140,354,15.185,Mbg Mas Bahlil Ganteng,MR EWIK,False,2026-06-04T06:37:50.000Z,https://www.tiktok.com/@claudioandirene/video/7647425729738673428
tos-alisg-avt-0068/a543a1f85885dd497609b40cfae51184,vokaliz_netizen,sepakat aja brother dari pada debat panjang #vokaliz_netizen #fyp #netizenindonesia #najwashihab ,7331,1281,209159,259,709,126.267,iyain aja hahahaaa,VOKALIZ_NETIZEN,False,2026-04-30T10:47:55.000Z,https://www.tiktok.com/@vokaliz_netizen/video/7634502242858568978
tos-alisg-avt-0068/4f80621a251ef8de5e7131c6ffa7f6cc,toko.saingoho,Lagu maa bahlil ganteng mendunia ges.. wkwkwkwk. ..  Sukses nih musisinya.. 🤣🤣🤣🤣🤣🤣🤣🤣#creatorsearchinsights  #mbg #masbahlilganteng #meme #fypシ ,6432,735,208507,303,464,9.834,suara asli - Toko Saingoho,Toko Saingoho,False,2026-05-26T23:53:23.000Z,https://www.tiktok.com/@toko.saingoho/video/7644352866521451796
tos-alisg-avt-0068/6a851e8655ca61431c20a763b88aa17e,adindabahlil_,"Ayokkkk kepada yang terhormat pembuat lagu @vokaliz_netizen, di ajak ngobrol sekaligus makan tuhhh sama Kanda. dinda pengen jugaaa huhuhuu. #bahlil #bahlillahadalia #mbg #masbahlilganteng",3824,155,208464,121,267,22.267,suara asli - AdindaBahlil,AdindaBahlil,False,2026-05-31T22:30:00.000Z,https://www.tiktok.com/@adindabahlil_/video/7646160833734642951
tos-alisg-avt-0068/24cf7afcef3a114ca3650bbc53a76653,qorygoreclips,Soundtrack Original MBG #qorygore #qorygoreclips #qorygoreopenbook,4707,557,206703,27,524,27.534,suara asli - qorygoreclips,qorygoreclips,False,2026-04-16T04:00:00.000Z,https://www.tiktok.com/@qorygoreclips/video/7628941729302940949
tos-maliva-avt-0068/4abf0a9152478fb9b0197f0ec2a665d9,taylor.mantooth,,4690,1307,206619,149,145,15.0,Mbg Mas Bahlil Ganteng,MR EWIK,False,2026-06-01T15:31:55.000Z,https://www.tiktok.com/@taylor.mantooth/video/7646450048120769822
tos-alisg-avt-0068/e853375b19d8de9af1b86f3dae23e0f4,ayradm_,mbg ,19203,1485,200887,76,1581,14.8,Mbg Mas Bahlil Ganteng,MR EWIK,False,2026-05-29T06:44:03.000Z,https://www.tiktok.com/@ayradm_/video/7645200860426800391
tos-maliva-avt-0068/b2fdd7eaf274a8cfed005c0b939142aa,ryden.sumpter,Mas bahlil ganteng | #indonesia🇮🇩 #fyp ,8237,2189,200577,201,554,15.0,suara asli - Erulkh,Erulkh,False,2026-06-03T08:20:02.000Z,https://www.tiktok.com/@ryden.sumpter/video/7647080876068719903
tos-alisg-avt-0068/a543a1f85885dd497609b40cfae51184,vokaliz_netizen,Ojo Lali Yo minnn Cypock Dulu hahahaaaa #vokaliz_netizen #komentarnetizen #warga62 #netizenindonesia #fyppppppppppppppppppppppppppppppppppp,2801,77,198075,333,195,224.352,suara asli - VOKALIZ_NETIZEN,VOKALIZ_NETIZEN,False,2026-05-29T17:34:12.000Z,https://www.tiktok.com/@vokaliz_netizen/video/7645368380547026196
tos-alisg-avt-0068/9e8dd82c93bed83bc69c8029a7f95e74,rafiangker,Buahhhhlil,13205,607,195260,189,191,11.167,suara asli - adalahpokoknya,adalahpokoknya,False,2026-05-28T10:17:59.000Z,https://www.tiktok.com/@rafiangker/video/7644884910263504149
tos-alisg-avt-0068/4a6456858b2a8c907cef4f9a258bbabe,sppglomboktimurteraralan,Kawal MBG sampai ke Penerima Sasaran 🔥  #MBG  #BGN  #SPPG Lombok Timur Terara Lando ,1013,85,193458,54,230,18.714,Tepuk Makan Bergizi Gratis (MBG),Rizalduh,False,2026-03-31T12:51:51.000Z,https://www.tiktok.com/@sppglomboktimurteraralan/video/7623401609997045013
tos-alisg-avt-0068/b7326d99a36b04965814cd91cbf85cbe,biexbie_,Mbg dulu lahh #mbg #fyp #information #laguviral ,1277,1625,193184,34,293,55.0,Kanda My little Bolu Ketan,VOKALIZ_NETIZEN,False,2026-05-23T11:27:48.000Z,https://www.tiktok.com/@biexbie_/video/7643047476332678421
tos-alisg-avt-0068/72cebcc3eb05d572d84426eadf561760,iyz_rkun,DUET LAGU MBG MAS Bahlil ganteng sama @Kein Moytod 😭🤌,3443,157,182526,665,1061,18.971,suara asli - Kein Moytod,Kein Moytod,False,2026-05-24T05:50:31.000Z,https://www.tiktok.com/@iyz_rkun/video/7643331634237852936
tos-alisg-avt-0068/a6234aa17894bd1eee6e3e0f682d8b8b,gadisbanuaaaa,#bahlilcahayaasia #mylittleboluketan #mbg #bahlil #masbahlilganteng ,2189,193,180622,97,177,24.055,suara asli - Erulkh,Erulkh,False,2026-05-30T03:16:13.000Z,https://www.tiktok.com/@gadisbanuaaaa/video/7645518378051964180
tos-maliva-avt-0068/995c3287b4bfacb7a2b8fc856ae102c3,buguru_pinacantik,Ternyata seviral itu dong 🤣 #mbg ,1965,57,179866,55,174,23.824,suara asli - erick_budeg,erick_budeg,False,2026-06-03T04:51:23.000Z,https://www.tiktok.com/@buguru_pinacantik/video/7647027250461691157
tos-maliva-avt-0068/61fdb4b1759d850c52c7ce29d16083b9,ibxygy.stream,Mana Tahan😂 #mlbb ,6652,1055,173092,106,511,15.2,suara asli - ibxygy.stream,ibxygy.stream,False,2026-05-27T08:29:15.000Z,https://www.tiktok.com/@ibxygy.stream/video/7644485809386687765
tos-alisg-avt-0068/02cafc7870cd076bcba6a31ab712de05,graciantsya,"sehat2 ya sayangg, mau ibu nyanyiin lagi ga nanti? #review #mbg #palembang #relatable #memes ",13097,1828,172670,643,2186,26.539,MBG (Mas Bahlil Ganteng),MAMAN FVNKY,False,2026-05-26T08:22:05.000Z,https://www.tiktok.com/@graciantsya/video/7644112855716973845
tos-maliva-avt-0068/1428bbf3631c52727923a6c8aebcb45d,bramanta_86,Bisa aja bikin lagu begini…🤣🤣. . . . #fyp #bahlillahadalia #viraltiktok #viralvideo #bahlil ,2346,981,169806,79,378,15.667,Kanda My little Bolu Ketan,VOKALIZ_NETIZEN,False,2026-05-25T22:48:29.000Z,https://www.tiktok.com/@bramanta_86/video/7643965036863442194
tos-alisg-avt-0068/651fbcbd7a922cfae6a243730624f4dc,owner_karoz_187,MBG(mas bahlil ganteng) versi minang#apajakoo🤙 #selebsolok🚀⚡️ #stylekt🔫🔫 #sepedahedon😎🤬 #sepedamodifikasi🥵🤙 ,4315,332,165864,90,363,21.361,suara asli - KEVIN COTOK,KEVIN COTOK,False,2026-05-30T03:17:06.000Z,https://www.tiktok.com/@owner_karoz_187/video/7645518597955112212
tos-alisg-avt-0068/06122ad7b571a85c8a5dcc758eeabe77,ramakripikkkk,lebaran besok 27 bulan mei #rama #vilmei #williesalim #mbg ,1885,41,165554,178,206,12.667,MBG (Mas Bahlil Ganteng),MAMAN FVNKY,False,2026-05-26T13:08:09.000Z,https://www.tiktok.com/@ramakripikkkk/video/7644186591270882580
tos-alisg-avt-0068/d1798fd9d85e888d3507c056ca66e124,hb_officiall,TAKUT BANGET HAFALL😭😭 #bahlil #mbg #horegjawatimur #fyp #soundkarnaval @BERDIKARI 11.02 ,6811,2385,165538,217,763,29.497,suara asli - BERDIKARI 11.02,BERDIKARI 11.02,False,2026-05-28T17:46:55.000Z,https://www.tiktok.com/@hb_officiall/video/7645000597363608850
tos-alisg-avt-0068/74bba11d43c9e346851254bc4e2a8355,horegcinema.id,Takut bangett hafal😭 @tiaara.jelitta #masbahlilganteng #fyp #bahlil #mbgcore #mylittleboluketan  @𝑷𝑳𝑨𝑻 𝑺 𝑷𝑹𝑶𝑱𝑬𝑪𝑻 ,11644,1118,164971,128,1188,33.4,suara asli - BERDIKARI 11.02,BERDIKARI 11.02,False,2026-05-29T03:07:39.000Z,https://www.tiktok.com/@horegcinema.id/video/7645145097377451272
tos-alisg-avt-0068/a543a1f85885dd497609b40cfae51184,vokaliz_netizen,ada yg mau Po? kuburan sultan.. hahahaa  @juraganinvestasi #vokaliz_netizen #komentarnetizen #wargatiktok #warga62 #fyppppppppppppppppppppppp,5694,792,164547,136,312,150.42,suara asli - VOKALIZ_NETIZEN,VOKALIZ_NETIZEN,False,2026-05-09T08:51:27.000Z,https://www.tiktok.com/@vokaliz_netizen/video/7637811970716175636
tos-alisg-avt-0068/a411069077ce40e131b8a4f9655a3070,ytdirhamfvnky,DJ MBG (MAS BAHLIL GANTENG!!) BUAH APA YANG PALING MANIS BUAH LIL VIRAL TIKTOK TERBARU BY IMP ID @impid  #dj #masbahlilganteng #soundviral #fyp #masukberanda ,1529,893,163242,254,413,146.217,suara asli - YT DIRHAM FVNKY,YT DIRHAM FVNKY,False,2026-05-29T10:05:08.000Z,https://www.tiktok.com/@ytdirhamfvnky/video/7645252683112140040
tos-alisg-avt-0068/e055002603c023438496de10c836f69b,sriwahyuni1496,MBG (mas bahlil ganteng #fypシ゚viral🖤tiktok #tiktokviral #ytshorts #fypシ゚,1078,29,161885,50,264,14.372,suara asli - Sri_wahyuni,Sri_wahyuni,False,2026-05-26T12:07:55.000Z,https://www.tiktok.com/@sriwahyuni1496/video/7644171069808528661
tos-useast2a-avt-0068-euttp/7313287791499509792,indozone.id,"Lucu ya! Lagu ""MBG Mas Bahlil Ganteng"" yang ramai digunakan ulang di media sosial ternyata bikin Menteri ESDM Bahlil Lahadalia penasaran. Lewat video yang diunggah Raffi Ahmad, Pak Bahlil ngaku mau ngundang pembuat lagu tersebut untuk berbincang-bincang sekaligus makan siang bareng.  Rasa penasaran itu juga muncul usai lagu tersebut bahkan jadi bahan candaan di keluarganya. Meski tidak mengetahui asal-usul lagu viral tersebut, Bahlil tetap mengapresiasi kreativitas anak muda di media sosial.  [Baca berita dan informasi menarik lainnya hanya di www.indozone.id] #MusicSpeak #IndozoneMusic #BahlilLahadalia",1790,183,159685,85,166,55.936,suara asli - INDOZONE,INDOZONE,False,2026-06-03T03:00:00.000Z,https://www.tiktok.com/@indozone.id/video/7646704237358992658
tos-alisg-avt-0068/b1cf433a46bbd7fbcc4c7bcbc03c6716,fikrimarwannn,MBG Mas Bahlil Ganteng 🥰 @tata ,4821,272,156760,117,342,15.022,Mbg Mas Bahlil Ganteng,MR EWIK,False,2026-06-02T13:22:04.000Z,https://www.tiktok.com/@fikrimarwannn/video/7646787767275359496
tos-alisg-avt-0068/a543a1f85885dd497609b40cfae51184,vokaliz_netizen,Kangen aku yaaa.. #komentarnetizen#wargatiktok  #netizenindonesia #vokaliz_netizen #fypppppppppppppp,4188,137,155082,631,167,194.816,suara asli - VOKALIZ_NETIZEN,VOKALIZ_NETIZEN,False,2026-05-09T13:27:39.000Z,https://www.tiktok.com/@vokaliz_netizen/video/7637883158028913941
tos-alisg-avt-0068/e4b88b80a388ce48bba85231913ac256,ramavilmei,mbg mas bahlil ganteng😍#rama #trend #mbg #mbgmasbahlilganteng #fyp bolu ketan bahlil original,1938,134,154223,503,340,14.8,suara asli - black mamba 🛖,black mamba 🛖,False,2026-05-31T12:49:53.000Z,https://www.tiktok.com/@ramavilmei/video/7646037312685624594
tos-alisg-avt-0068/0f86e17e23cf3a433b876bb9add5ecf2,alex.eowyn,Lagu ini bener” bikin kecanduan ya😭 #fyp #harrydanalexa #mixedcouple #mbg #bahlil ,13116,284,150122,258,762,20.2,suara asli - Alexandra,Alexandra,False,2026-06-02T14:57:38.000Z,https://www.tiktok.com/@alex.eowyn/video/7646812390167776519
tos-alisg-avt-0068/1ae56aeda07bcdbf4db30c56aaba20d9,miebalapgentayangan,"Mau makan yg Enak, Banyak, dan Murah!!! Ayoook makan MBg🥳🥳 #jajanankesawan #promomakanharian #miemedanmalam #miebalapmedan ",3949,300,149902,68,248,58.967,suara asli - MBG,MBG,False,2026-04-07T14:04:37.000Z,https://www.tiktok.com/@miebalapgentayangan/video/7626017970946346248
tos-alisg-avt-0068/37748a36051dd629a6f64b37d2436b5b,mas.tama77,MBG mas bahlil ganteng #dcterbaru #trenddancetiktok2026 #laguviral2026tiktok ,1189,394,149843,39,286,15.0,Mbg Mas Bahlil Ganteng,MR EWIK,False,2026-06-02T12:52:10.000Z,https://www.tiktok.com/@mas.tama77/video/7646780071612665108
tos-maliva-avt-0068/c838955dd893b5940c633c3553f9ceb9,henrytj,Gawat MBG mulai nyantol,8513,2652,147225,156,976,22.434,suara asli - Ko Hen,Ko Hen,False,2026-05-24T17:02:47.000Z,https://www.tiktok.com/@henrytj/video/7643504874415475989
tos-alisg-avt-0068/c862329c276fe0d4755f3904046415bd,realitapublik.id,"Alhamdulillah Kanda Bahlil Baik Nggak Tersinggung, Tolong Bikin Lagu yang Bagus Lagi Dong .....",1961,43,144708,28,148,82.4,suara asli - REALITA PUBLIK,REALITA PUBLIK,False,2026-05-29T01:06:54.000Z,https://www.tiktok.com/@realitapublik.id/video/7645113971556617492
tos-alisg-avt-0068/a95ecabf857551df9177efc8a0a1e121,dapurmbg.id,Tungguin keseruan mas buahlil makan disini yaa🥰😍🥘🫕🍲🍳🍛🍱🍽️ #dapurmbg #masakannusantara #makanmurah #masakannusantara #PorsiPejabatHargaMerakyat ,2384,563,142759,105,410,16.487,Mbg Mas Bahlil Ganteng,MR EWIK,False,2026-06-02T04:18:08.000Z,https://www.tiktok.com/@dapurmbg.id/video/7646647567949761809
tos-alisg-avt-0068/d8c226a837c212f2833e35de42b61b37,fatimah_jamal677,Butuh penjelasan banget nih .. kayaknya setiap org beda penjelasannya juga .. ingin baca semuanya.. apa maksud di balik lagu itu? Siapa yg menciptakannya ?? Kenapa org2 ketawa gitu saat mendengarkannya ?!        #mbg #trending #fyp #viral #foryou ,2119,68,141546,284,159,66.8,suara asli - Fatimah Jamal,Fatimah Jamal,False,2026-06-02T10:47:19.000Z,https://www.tiktok.com/@fatimah_jamal677/video/7646747879381536021
tos-alisg-avt-0068/7ac6d60454358b4aab0226e3bf54b596,dnarcscalediecast,ayo pilih yang mana? #mobilrc #mobilremotecontrol #mobilmbg #pickuprc #monstertruck ,990,35,140784,249,275,30.767,suara asli - DnA RC Scale Diecast,DnA RC Scale Diecast,False,2026-05-28T12:30:54.000Z,https://www.tiktok.com/@dnarcscalediecast/video/7644889063794674964
tos-alisg-avt-0068/8314c9ec6277b90c578f8f4de43224b6,rizkyhekals,DJ MBG (MAS BAHLIL GANTENG) SOUND REMIX VIRAL TIKTOK🖤🔊🎧 #slowedsongs #aveeplayer #djremix #djtiktok #rizkyhekals ,1007,371,139363,62,253,59.5,suara asli - OM FANKY,OM FANKY,False,2026-06-02T22:22:44.000Z,https://www.tiktok.com/@rizkyhekals/video/7646927070282452245
tos-maliva-avt-0068/4abf0a9152478fb9b0197f0ec2a665d9,taylor.mantooth,Mas bahlil ganteng | #subway #fyp #brazil ,3555,510,138095,94,125,15.0,Mbg Mas Bahlil Ganteng,MR EWIK,False,2026-06-04T07:29:45.000Z,https://www.tiktok.com/@taylor.mantooth/video/7647438904592747789
tos-alisg-avt-0068/7fa4b9845100dc009b69778092332096,shahrilsaari43,,715,89,136697,105,170,14.349,MBG (Mas Bahlil Ganteng),MAMAN FVNKY,False,2026-05-28T12:11:34.000Z,https://www.tiktok.com/@shahrilsaari43/video/7644914176787221780
tos-alisg-avt-0068/61eaf703e53fec818114d4344078512a,27aprillia,#😱 #fypppppppppppppppppppppp ,934,60,136639,478,89,74.934,"suara asli - April,2","April,2",False,2026-04-06T23:24:28.000Z,https://www.tiktok.com/@27aprillia/video/7625791145238383880
tos-alisg-avt-0068/9481d74e0a90bce49d9c5ca82810ebd9,suaraanetizen,Kak?? buru buru banget 😭🙏🏻 Gimana menurut kamu? Tulis pendapatmu di kolom komentar! SHARE ke teman kamu biar makin banyak yang tahu! FOLLOW juga akun kami di : Instagram : suaraanetizen_ TikTok : suaraanetizen YouTube : suaraanetizen Facebook (Fanpage) : suaranetizen SnackVideo : suaraanetizen_ Biar nggak ketinggalan info viral & berita terbaru lainnya! #ngakak #fyp,784,142,134385,18,56,8.267,suara asli - Suara Netizen,Suara Netizen,False,2026-05-19T03:00:13.000Z,https://www.tiktok.com/@suaraanetizen/video/7641431993774886161
tos-alisg-avt-0068/b9e0b37383bb5e7bab88f4a54c672404,ncumjs22,Lagi-lagi bahlil :( #kunaonsia ,7533,560,134160,85,994,15.0,Mbg Mas Bahlil Ganteng,MR EWIK,False,2026-06-01T18:12:37.000Z,https://www.tiktok.com/@ncumjs22/video/7646491544370810133
tos-alisg-avt-0068/d157f1ccb236511e88161d4685ed8cec,meownyeng_,yang hafal lagu nya komen 🤭  #mbg #memekucing #kucinglucu #hiburan,2125,265,129814,129,270,14.634,suara asli - Ren✨,Ren✨,False,2026-05-29T11:35:28.000Z,https://www.tiktok.com/@meownyeng_/video/7645275967232986376
tos-alisg-avt-0068/05ef2bf0ceb8aeeb97b459ccf28051f5,mamaujangzhafran,mbg mas Bahlil Ganteng #ujangzhafran ,6908,3836,128016,180,131,15.317,Mbg Mas Bahlil Ganteng,Libbie Cupps,False,2026-06-02T11:16:13.000Z,https://www.tiktok.com/@mamaujangzhafran/video/7646755330730265876
tos-alisg-avt-0068/411e6287422fb9eaeacf69e00112f237,archieve.el,fattah dan mama ananda😍❤️‍🔥@fatso #fattahsyach #fattahagz #asmaragenz #loksyutagz #fyppppppppppppppppppppppp ,12777,204,126082,56,338,34.8,Mbg Mas Bahlil Ganteng,MR EWIK,False,2026-06-03T09:25:37.000Z,https://www.tiktok.com/@archieve.el/video/7647097919224483090
tos-alisg-avt-0068/ad8424c0f69d674dafefaa1be0dade4e,bsk.pohonn,minimal punya panci ini lah😏,990,41,125620,1746,156,34.475,MBG (Mas Bahlil Ganteng),MAMAN FVNKY,False,2026-05-26T04:59:40.000Z,https://www.tiktok.com/@bsk.pohonn/video/7644060708186934535
tos-alisg-avt-0068/f28a7053a7929eda2c95df0bc68b418e,bianca.sayonara2,MBG#kucinglucu #meme ,823,533,121024,40,182,14.334,Mbg Mas Bahlil Ganteng,Libbie Cupps,False,2026-05-31T06:31:43.000Z,https://www.tiktok.com/@bianca.sayonara2/video/7645939838667017479
tos-alisg-avt-0068/9dd5bd58be19a82707dad123ba464d17,irenaamaliee,lagunya terngiang ngiang🫰🏻 #MBG #masbahlilganteng #iyencover ,6310,225,118340,50,398,22.035,suara asli - iyen🎸,iyen🎸,False,2026-05-29T10:54:29.000Z,https://www.tiktok.com/@irenaamaliee/video/7645265390221757716
tos-alisg-avt-0068/1282e660540629f3c5b17f6d010754cc,ahmadalimuddin__,"kalo menurut kalian gimana nih, komen opini kalian👇🏻 Jangan lupa follow @ahmadalimuddin_ @mari.kitabahas @markibas.ntb @pemilunow  #viral #jusufkalla #bbm #fyp #prabowo ",10389,329,118142,563,523,121.486,ready for fight,matthew salvador,False,2026-04-06T14:51:56.000Z,https://www.tiktok.com/@ahmadalimuddin__/video/7625659069658893586
tos-alisg-avt-0068/a543a1f85885dd497609b40cfae51184,vokaliz_netizen,tercandu candu hmph #vokaliz_netizen #komentarnetizentiktok #netizenindonesia #fyp #fyppppppppppppppppppppppp ,2580,112,117584,356,146,222.61,suara asli - VOKALIZ_NETIZEN,VOKALIZ_NETIZEN,False,2026-05-05T21:48:11.000Z,https://www.tiktok.com/@vokaliz_netizen/video/7636527799767026962
tos-alisg-avt-0068/d937e7a8291f9f9d8b4f813fbabe2bab,mamangosa,Terbuahlil - buahlil 😰 Songby : vokalize_netizen,4628,432,115796,133,169,17.205,suara asli - Mamangosa,Mamangosa,False,2026-05-24T12:58:18.000Z,https://www.tiktok.com/@mamangosa/video/7643441883032800533
tos-alisg-avt-0068/9e0ecaad2d2dad92416aad2f6a90f5a8,ahakkahak2,🍏lil #meme #buahlil #sawowo #trending #fyp ,1358,203,111156,173,316,49.273,suara asli - AHAKKAHAK,AHAKKAHAK,False,2026-05-25T23:23:38.000Z,https://www.tiktok.com/@ahakkahak2/video/7643974097478667538
tos-alisg-avt-0068/364ef81aa5816d1b60a33df4cb7da723,vortexforidn,"Guys, Bahlil Lahadalia akhirnya buka suara, udah tahu belum? Pria yang sekarang menjabat Menteri ESDM RI lagi trending topik karena lagu anak dengan judul ""Mas Bahlil Ganteng"" alias MBG. Nah, di tengah lagi suasana ibadah Haji di Mekkah, Bahlil dikonfrontasi sama Raffi Ahmad. Raffi ngonfirmasi bagaimana tanggapan Bahlil soal lagu MBG yang lagi viral di media sosial. Bahlil mengaku penasaran, dia bakal nyari dan siap mengundang pembuat lagu tersebut untuk ngobrol-ngobrol santai. ""Asli penasaran. Adinda saya akan minta tolong untuk mengundang kalau yang bersangkutan (pembuat lagu) jika berkenan, saya akan mengundang untukmu berbincang-bincang sekaligus makan karena penasaran juga saya,"" kata Bahlil. Dia belakangan juga terkejut kerap dicandai oleh anak-anaknya di rumah dengan sebutan ""Bapak MBG"".  ""Saya lagi ibadah, setiap pagi bangun anak saya ngetawain saya 'Bapak MBG', 'Wah',"" kata Bahlil. Bahlil menyebut nggak tahu lagu itu sebelumnya. Menurutnya kemunculan lagu MBG ini secara alami. Ia pun berharap bisa bertemu dengan pembuat lagunya. ""Saya sendiri nggak tahu. Dan itu alami sekali. Saya pun penasaran ini siapa yang buat. Jadi tolong Fi (Raffi) kalau bisa diketemukan, saya pengen sekali ketemu Fi,"" ujarnya. ""Saya menghargai kreativitas anak-anak muda sekarang ya. Cuma satu saran saya, di era demokrasi sekarang ini sosmed sangat penting. Namun kalau boleh juga harus dipergunakan dengan terukur. Contoh jangan sampai masuk ke unsur sara,"" tambahnya. Apa komentar kalian guys? 🎥 IG/Raffinagita1717 #lagumbg #masbahlilganteng #bahlil #vortexindonesia",1624,175,110846,50,100,128.363,suara asli - vortex indonesia,vortex indonesia,False,2026-05-30T01:34:15.000Z,https://www.tiktok.com/@vortexforidn/video/7645492110547946773
tos-alisg-avt-0068/91ff31441406f3648a306e772fc7fbca,ciro_1450,ternyata arti MBG itu mas Bahlil ganteng 😭😭 #bahlil #fyp #musik #viralvideos ,547,1606,109753,66,108,15.72,suara asli - 𝟙𝟠 𝔽𝕖𝕓𝕣𝕦𝕒𝕣𝕚,𝟙𝟠 𝔽𝕖𝕓𝕣𝕦𝕒𝕣𝕚,False,2026-05-23T04:16:45.000Z,https://www.tiktok.com/@ciro_1450/video/7642936396994415880
tos-alisg-avt-0068/4d20606d229437c9a9c55b84bc62abdc,kepobangett.id,Kepala BGN Dadan Resmi Ditahan Kejaksaan Agung Atas Korupsi MBG #korupsi #beritaterbaru #bgn ,1070,611,109421,196,148,77.9,suara asli - kepobangett.id,kepobangett.id,False,2026-06-03T16:39:30.000Z,https://www.tiktok.com/@kepobangett.id/video/7647209734797298952
tos-alisg-avt-0068/e539a00274ac6e8f60fd26877b5d3bd1,someterminal,Ajar masak2 an lek ,2779,921,109238,26,169,17.089,Mbg Mas Bahlil Ganteng,MR EWIK,False,2026-06-03T17:15:31.000Z,https://www.tiktok.com/@someterminal/video/7647219005853322503
tos-alisg-avt-0068/b1cf433a46bbd7fbcc4c7bcbc03c6716,fikrimarwannn,Candu banget dc mas bahlil ganteng inii 😌🤙🏻 @tata @Twineester dc by @Taylor🌍 ,3022,250,107331,64,350,15.046,Mbg Mas Bahlil Ganteng,MR EWIK,False,2026-06-03T13:16:03.000Z,https://www.tiktok.com/@fikrimarwannn/video/7647157310694903058
tos-alisg-avt-0068/9fe257819c956280fe54be9b3fbbcbcc,santaajihasibuan,Izin ikutan MBG,2149,52,107115,146,225,14.634,Mbg Mas Bahlil Ganteng,MR EWIK,False,2026-06-04T08:15:17.000Z,https://www.tiktok.com/@santaajihasibuan/video/7647443211002088711
tos-alisg-avt-0068/87c4ea12dbb810aacd4ce1b27599b26d,bbymatcha_8,Terngiang ngiang mulu lagu nya 🤏🤏 😊😊#fyppppppppppppppppppppppp #foryoupageofficiall #mbg #masbahlilganteng #trending ,932,112,106636,35,245,14.676,MBG (Mas Bahlil Ganteng),MAMAN FVNKY,False,2026-05-27T10:52:53.000Z,https://www.tiktok.com/@bbymatcha_8/video/7644522821552475412
tos-alisg-avt-0068/f8de2d129378dba946cab3ddb4d90387,bahrunn_official,MBG (Mas Bahrun Ganteng) Lirik : MBG (Mas Bahrun Ganteng) Buah apa yang paling manis ? Buahrunnnnn 😎🤟 Tambah ganteng aja My little bolu ketan #lagumbg #lagumbgviral #mbg #ahmadbahrunnurillah ,1591,8743,106254,433,90,23.3,suara asli - AHMAD BAHRUN NURILLAH,AHMAD BAHRUN NURILLAH,False,2026-06-02T10:00:45.000Z,https://www.tiktok.com/@bahrunn_official/video/7646727550617734421
tos-alisg-avt-0068/a543a1f85885dd497609b40cfae51184,vokaliz_netizen,Syarat pengalaman kerja era Majapahit @pintarnya.id #fyppppppppppppppppppppppp #vokaliz_netizen #komentarnetizentiktok #netizenindonesia #fyp ,1831,186,104089,123,130,206.681,suara asli - VOKALIZ_NETIZEN,VOKALIZ_NETIZEN,False,2026-05-08T11:23:22.000Z,https://www.tiktok.com/@vokaliz_netizen/video/7637480056553540882
tos-alisg-avt-0068/c5d05284081c73b2dbb0df5f708e7488,aryawedhatama,kenapa sih lagu mbg terngiang ngiang terus #mbgmasbahlilganteng #velocity #dancetrend #danceterbaru ,477,49,102738,82,127,15.0,suara asli - 𝙼𝚒𝚖𝚘𝚖𝚒𝚡,𝙼𝚒𝚖𝚘𝚖𝚒𝚡,False,2026-05-28T10:55:32.000Z,https://www.tiktok.com/@aryawedhatama/video/7644894583893052690
tos-alisg-avt-0068/4265a6bb65fd7e3e4ac79294574e9689,antimoitu53n71,"Dc mudah , simple , gampang ditiru terbaru 2026 “ MBG mas bahlil ganteng “ @whotsy #velocityterbaru2026 #fyp #tutorialdance #dcviral #danceterbaru31mei2026 ",588,55,99565,19,194,15.0,suara asli - 🅰️NTIM🅾️ 🦂 대한민국,🅰️NTIM🅾️ 🦂 대한민국,False,2026-05-31T05:00:00.000Z,https://www.tiktok.com/@antimoitu53n71/video/7645652923451477268
tos-alisg-avt-0068/82ed6d65f24d67d5448ff050e7b4d17e,indriiaa22,Lagu MBG (Mas Bahlil Ganteng) #bahlil #lyrics #fyp #mbg  #trend ,967,126,98425,76,206,14.954,suara asli - TheRicis Indonesia,TheRicis Indonesia,False,2026-05-24T15:13:31.000Z,https://www.tiktok.com/@indriiaa22/video/7643476710377196818
tos-alisg-avt-0068/9ed2b033d0500a7aa3782bfbbd9553c3,kangezamakan,Serba jajanan mbg (makanan barudak gaul) ke 23 #shorts #fyp #mbg ,397,12,97886,11,116,14.977,MBG (Mas Bahlil Ganteng),MAMAN FVNKY,False,2026-05-26T04:58:41.000Z,https://www.tiktok.com/@kangezamakan/video/7644060433267232021
tos-alisg-avt-0068/d6eae1b00d371bcec404052c2dd6181d,dyaazu,MBG (mas bahlil ganteng) 🍽️ buruan hafalin dc nya ib:? #velocity #dctiktok #velocityterbaru #dcterbaru2026 #velocity2026 ,909,106,95851,28,250,14.967,suara asli - BERDIKARI 11.02,BERDIKARI 11.02,False,2026-05-30T11:05:57.000Z,https://www.tiktok.com/@dyaazu/video/7645639442224401671
tos-alisg-avt-0068/ef2e7de3b5e9b2b6be19f7996f5140bd,dindinadin99,MBG Mas bahlil ganteng 🥰🤏🏻,3477,2190,95336,37,136,15.834,suara asli - 𝟙𝟠 𝔽𝕖𝕓𝕣𝕦𝕒𝕣𝕚,𝟙𝟠 𝔽𝕖𝕓𝕣𝕦𝕒𝕣𝕚,False,2026-05-29T13:09:44.000Z,https://www.tiktok.com/@dindinadin99/video/7645300251615710484
tos-useast2a-avt-0068-giso/a8906db270f6d5aa571e500fd55ee336,yurakazeregina,"lg tenang bgt, tb2 buyar smua😭",5731,603,95305,61,1374,12.445,MBG (Mas Bahlil Ganteng),MAMAN FVNKY,False,2026-05-25T05:27:03.000Z,https://www.tiktok.com/@yurakazeregina/video/7643696681078328584
tos-maliva-avt-0068/95e5b4be6379c251b9d622f0ea25e417,yogiindrayoka,Setor hafalan dulu guys  #yogiindrayoka #yogiptk ,2942,213,92982,159,467,63.434,MBG (Mas Bahlil Ganteng),MAMAN FVNKY,False,2026-05-26T05:31:34.000Z,https://www.tiktok.com/@yogiindrayoka/video/7644068915995348245
tos-alisg-avt-0068/da7adca8b567a179e117ef28603db4a3,forumkeadilantv,"Ketua Badan Anggaran DPR RI Said Abdullah, menanggapi pernyataan Wakil Presiden ke-10 dan ke-12 RI Jusuf Kalla (JK) terkait potensi membengkaknya defisit Anggaran Pendapatan dan Belanja Negara (APBN) akibat subsidi energi, khususnya bahan bakar minyak (BBM). Said menegaskan, pihaknya tidak setuju apabila subsidi BBM dikurangi atau menaikan harganya. Menurutnya, langkah yang lebih tepat saat ini adalah memastikan subsidi energi benar-benar tepat sasaran, terutama untuk LPG 3 kilogram. Baca lainnya di forumkeadilan.com #saidabdullah #dprri #banggar #apbn #bbm #subsidi #lpg3kg #jusufkalla #ekonomiindonesia #kebijakanpemerintah #forumkeadilan",1010,26,92280,65,55,51.222,suara asli - Forum Keadilan,Forum Keadilan,False,2026-04-06T14:37:44.000Z,https://www.tiktok.com/@forumkeadilantv/video/7625655306839690513
tos-alisg-avt-0068/97164889080c24e781b4f50088195add,anas.lyric,#foryou  BUAHLIL😭😭🎶#liriklagu #musik #fyp #mbg ,482,164,92220,62,111,15.634,suara asli - Anas_lyrics,Anas_lyrics,False,2026-05-27T03:27:52.000Z,https://www.tiktok.com/@anas.lyric/video/7644408136794787092
tos-alisg-avt-0068/8c10aa9f06cdff93e8ed9847fe09d704,realiqmal80,mas bahlil ganteng amat,4777,281,91923,45,139,15.034,Mbg Mas Bahlil Ganteng,MR EWIK,False,2026-06-03T15:35:21.000Z,https://www.tiktok.com/@realiqmal80/video/7647193200616033557
tos-maliva-avt-0068/140bc8c2e5878d2d322a5a0412f54320,adisaputraldj_,Nihh Mbg guys😂,5685,42,91082,184,288,15.046,Mbg Mas Bahlil Ganteng,MR EWIK,False,2026-06-01T09:44:59.000Z,https://www.tiktok.com/@adisaputraldj_/video/7646360749874367752
tos-maliva-avt-0068/7382045394563563526,apaajaboleh2012,ngakak ghea indrawari ikut tren lagu MBG mas Bahlil ganteng cr: eventfesid #gheaindrawari #mbg #masbahlilganteng #mylittleboluketannn #eventfestid ,548,13,90729,7,41,31.278,Kanda My little Bolu Ketan,VOKALIZ_NETIZEN,False,2026-05-31T14:48:11.000Z,https://www.tiktok.com/@apaajaboleh2012/video/7646067795993611527
tos-alisg-avt-0068/7324840310897377282,adisislami88,keknya B benci bgd ama lagu ini sih😅😅😅 padahal suara emaknya udah merdu buanget loh 🤪🤪🤪🤪#mbg #chihuahua ,1627,80,89994,121,183,26.7,MBG (Mas Bahlil Ganteng),MAMAN FVNKY,False,2026-05-25T14:37:47.000Z,https://www.tiktok.com/@adisislami88/video/7643838584901979400
tos-maliva-avt-0068/4abf0a9152478fb9b0197f0ec2a665d9,taylor.mantooth,Mas bahlil ganteng ,2399,297,88914,107,72,15.0,Mbg Mas Bahlil Ganteng,MR EWIK,False,2026-06-04T08:39:23.000Z,https://www.tiktok.com/@taylor.mantooth/video/7647456837360471326
tos-maliva-avt-0068/16ea4cc13ed0f2b9dff07501c84fa239,fadli.abc,#upinipin #aicover #soundviral #masbahlilganteng ,803,107,87076,159,202,15.367,suara asli - FY  ✔,FY  ✔,False,2026-05-29T06:44:30.000Z,https://www.tiktok.com/@fadli.abc/video/7645200925669313809
tos-alisg-avt-0068/7e5f9495c0866b5344cdfc537958ff82,ooh.trio,🎧 #liriklagu #mylittleboluketan #musik #fyp #foryou ,538,206,85216,22,196,55.0,Kanda My little Bolu Ketan,VOKALIZ_NETIZEN,False,2026-05-25T20:01:48.000Z,https://www.tiktok.com/@ooh.trio/video/7643922095042284808
tos-alisg-avt-0068/d4fe169d87da6ee48a967f3294612ccd,4kb4rrr3,Trendd baruu nihh | gasss cobainn dc mbg(mas bahlil ganteng) dann bantuu salinn tautann yaaa kenaa sb#velocity #velocityedit #trendingtiktok #trendingtiktok2025 #foryoupage ,484,70,85070,32,151,14.838,suara asli - 4upage,4upage,False,2026-05-30T03:26:51.000Z,https://www.tiktok.com/@4kb4rrr3/video/7645521115107904776
tos-alisg-avt-0068/5c54a297eb14b9a7aad2c9a12d718a62,dava47822,,376,15,84252,3308,257,14.634,Kanda My little Bolu Ketan,VOKALIZ_NETIZEN,False,2026-05-26T09:47:55.000Z,https://www.tiktok.com/@dava47822/video/7644134976610471188
tos-alisg-avt-0068/0ab50526d937848da3a887797e7ae123,joshgandosklotosss,trio apa ni @IG : rehan_ginanjarr21 @syaa #abcdjosh #brazil🇧🇷 ,11509,1155,83908,576,918,15.534,Mbg Mas Bahlil Ganteng,MR EWIK,False,2026-06-04T09:24:41.000Z,https://www.tiktok.com/@joshgandosklotosss/video/7647468756075040020
tos-alisg-avt-0068/2fb920577e896341de0b4eba8725fbbe,inayla_tamplate,MBG mas bahlil ganteng ☺️ #mbg #laguviral  #inayla #masdomol #CapCut ,448,376,82243,34,85,15.001,suara asli - GouwLie,GouwLie,False,2026-06-02T03:55:54.000Z,https://www.tiktok.com/@inayla_tamplate/video/7646641862161321236
tos-alisg-avt-0068/6afc9b60fbb8b95196724c90bf0b3447,anggun_supriadi91,Maafkan sayang @nong___88 ,1680,70,81951,112,119,14.976,suara asli - CEKERANJANGKUNING,CEKERANJANGKUNING,False,2026-06-04T04:23:06.000Z,https://www.tiktok.com/@anggun_supriadi91/video/7647391027615010056
tos-maliva-avt-0068/f05cd9830a1624d3e2a6e3d9388bfeac,warwerwor34,tekanan global dunia dampak perang BBM melesat naik ekonomi semua negara ambruk sejumlah barang 2 ikut naik siapa yg di untungkan#fypシ゚ #viral #pppppppppppppp ,1379,76,80981,14,152,281.914,"suara asli - WAR""WER""WOR'㊙️🈴🌐‼️","WAR""WER""WOR'㊙️🈴🌐‼️",False,2026-04-06T14:17:37.000Z,https://www.tiktok.com/@warwerwor34/video/7625650234646859026
tos-alisg-avt-0068/b6e43a643f66cbb7c65fd54e81b47b1f,dj.skynix,MBG Mas Bahlil Ganteng Orchestra Edition ❤️,1660,1009,80877,309,443,21.013,suara asli - dj.skynix,dj.skynix,False,2026-06-04T02:13:27.000Z,https://www.tiktok.com/@dj.skynix/video/7647357622504492308
tos-alisg-avt-0068/c78f1a4be12be3098f2df988acb469c9,userr1105_,,11598,1120,80270,57,689,15.0,Mbg Mas Bahlil Ganteng,MR EWIK,False,2026-06-03T19:48:01.000Z,https://www.tiktok.com/@userr1105_/video/7647258301926853908
tos-alisg-avt-0068/d463b9ce25f9a70ce1abd30fd06fa70e,ajang.syarief,Suka gaya kakanda yg satu ini #fyp #viral #mbg #bahlil #ganteng ,494,232,79966,132,16,11.145,suara asli - adalahpokoknya,adalahpokoknya,False,2026-05-28T10:33:58.000Z,https://www.tiktok.com/@ajang.syarief/video/7644889025404243220
tos-alisg-avt-0068/68eeebd3adff4b223e04db350b1dd020,veenouna__,bahlil mana bahlil 😆 #funkot #mbg #viral ,3118,2423,79402,158,345,40.5,suara asli - vee nouna,vee nouna,False,2026-06-03T07:57:24.000Z,https://www.tiktok.com/@veenouna__/video/7647075178425437448
tos-alisg-avt-0068/0c65d9f87ac88cf9e1a4ff11c95248ae,duniaanakceria9,MBG mas BAHLIL Ganteng 🩷🩷 #mbg #masbahlilganteng #bahlil #laguviral #kartunanaklucu ,617,107,75760,64,146,15.167,suara asli - Lihatllah Ini,Lihatllah Ini,False,2026-06-03T06:48:23.000Z,https://www.tiktok.com/@duniaanakceria9/video/7647057386410134804
tos-alisg-avt-0068/eb0d89853271a2cf2f3105e2d5284877,arifpratama_04,oo ini lagu nya mbg 🤩🫵🏻,3077,666,74562,109,210,20.267,suara asli - 🇦 🇷 🇮 🇫,🇦 🇷 🇮 🇫,False,2026-03-16T02:49:37.000Z,https://www.tiktok.com/@arifpratama_04/video/7617680117900266772
tos-alisg-avt-0068/ad99b7b585b14555296cd4028c36e5fc,oupincakevvy,@ tag orang ke 1#tag #fyp #bahlil #mbh #masbahlilganteng ,511,199,73508,388,98,14.57,MBG (Mas Bahlil Ganteng),MAMAN FVNKY,False,2026-05-27T10:03:55.000Z,https://www.tiktok.com/@oupincakevvy/video/7644510204436040968
tos-maliva-avt-0068/b2fdd7eaf274a8cfed005c0b939142aa,ryden.sumpter,Mas Bahlil Ganteng | #brazil🇧🇷 #mbg #trending ,2152,598,73394,47,87,15.0,Mbg Mas Bahlil Ganteng,MR EWIK,False,2026-06-03T06:24:27.000Z,https://www.tiktok.com/@ryden.sumpter/video/7647051021239258381
tos-alisg-avt-0068/07f2b963c359eb1a36251ac6ad14fc78,bringasofficial.id,gawatt mama papa biel mulai hafal lagu mbg mas bahlil ganteng 🤣@DENNY SUMARGO @oliviasumargo #dennysumargo #oliviasumargo #densu #fyp ,1118,9,73321,23,66,24.917,suara asli - Bringasofficial.id,Bringasofficial.id,False,2026-05-27T02:41:13.000Z,https://www.tiktok.com/@bringasofficial.id/video/7644396120579280135
tos-alisg-avt-0068/b4b4a083de19d3dfcd074a5b9483a266,tratatataaa_0,dance bahlil #bahlil#slowmopatahpatah#lewatberandafypシ #tratatata_01#danceviral,616,80,72765,11,191,15.001,suara asli - BERDIKARI 11.02,BERDIKARI 11.02,False,2026-05-29T09:29:15.000Z,https://www.tiktok.com/@tratatataaa_0/video/7645243422357474581
tos-alisg-avt-0068/b8326727e379b461a694818a507d84d6,luisaadreena,,1187,49,71508,151,160,15.603,MBG (Mas Bahlil Ganteng),MAMAN FVNKY,False,2026-05-26T08:18:33.000Z,https://www.tiktok.com/@luisaadreena/video/7644111946702130453
tos-alisg-avt-0068/5f5505384bf51b85905e06f2c5357cdb,keyshaurelliaa2,,4306,184,71371,22,100,15.022,Mbg Mas Bahlil Ganteng,MR EWIK,False,2026-06-03T15:24:00.000Z,https://www.tiktok.com/@keyshaurelliaa2/video/7647190276468919560
tos-alisg-avt-0068/e2d92c76586b2b4b487da2e438e10b59,fj._lyrics,Kanda me little bolu ketan🎧🎶 #lyrics#music#song#fouryou #fj_lyrics ,490,155,71368,4,127,31.51,suara asli - FJ_Lyrics,FJ_Lyrics,False,2026-05-26T13:03:20.000Z,https://www.tiktok.com/@fj._lyrics/video/7644185353535884551
tos-alisg-avt-0068/b83c7c31b8d7054d036a51b91a8754d4,riinariinnn,Mas bahlil terngiang ngiang 😜#robloxtiktok #robloxindonesia #robloxfyp #robloxedit #robloxgames ,1975,532,71010,105,211,16.0,suara asli - Ziska🐣🦄,Ziska🐣🦄,False,2026-05-31T14:56:26.000Z,https://www.tiktok.com/@riinariinnn/video/7646069916507999506
tos-alisg-avt-0068/0ec63660772f7a7b6501b3be76fab995,claraacalistaaa,Mbg Mas Bahlil Ganteng x Dance Brazil | Dance Viral Tiktok Terbaru 2026 #viral #trendtiktok #danceviral #velocity,388,180,70504,22,110,12.2,Kanda My little Bolu Ketan,VOKALIZ_NETIZEN,False,2026-06-03T09:29:43.000Z,https://www.tiktok.com/@claraacalistaaa/video/7647098967519497490
tos-alisg-avt-0068/dfd9eef66da79296865155279ab027c3,jezyyy_07,cung tangan yg udah hapal WAKWAOKWA #foryoupage #fypシ #Minecraft  #creatorsearchinsights  #mbg #1millionaudition,8559,626,70084,206,1269,17.967,suara asli - JezyHD,JezyHD,False,2026-05-28T09:42:39.000Z,https://www.tiktok.com/@jezyyy_07/video/7644875760120974593
tos-alisg-avt-0068/1e7c9b52bba9d936f8acc63550409636,shadefile,takut banget hapal woii #rizalmuk #react #reaction #mbg #bahlil ,922,22,69738,7,97,70.078,suara asli - Shadefile,Shadefile,False,2026-05-25T08:00:00.000Z,https://www.tiktok.com/@shadefile/video/7643429917715221780
tos-alisg-avt-0068/0037875bb7956112f00f2a6b347f3b02,embunibunnnn,#fyppppppppppppppppppppppp #mbgmasbahlilganteng #😂🤣😂 ,451,61,69735,4270,140,16.134,MBG MAS BAHLIL GANTENG (MY LITLLE BOLU KETAN),DJ EPOS,False,2026-05-27T03:54:10.000Z,https://www.tiktok.com/@embunibunnnn/video/7644414909421260040
tos-alisg-avt-0068/c7fe552ea4f40728a44c948b51e8718c,penazun,MBG lagi ya.. 🤣 #mbg #fyp #foryou #trend #filterchallenge ,354,11,69465,86,46,15.134,Mbg Mas Bahlil Ganteng,MR EWIK,False,2026-06-04T08:14:28.000Z,https://www.tiktok.com/@penazun/video/7647450660350414087
tos-alisg-avt-0068/cf03fc12aeaacd88dc4e34641ef32648,mististorytelling,MBG mas bahlil ganteng viral trend tiktok feat suster ngesot #mbg #masbahlilganteng #trendtiktokmbg #trendtiktok #videotiktokviral2026 ,804,50,69115,40,169,14.002,suara asli - HororShort-k9d,HororShort-k9d,False,2026-05-29T16:08:50.000Z,https://www.tiktok.com/@mististorytelling/video/7645346388393348360
tos-alisg-avt-0068/571b98399e2e604d253dc7e67b651102,infomoraid,"Gawat si kalau uda masuk ke gen alpha Lagu tentang Bahlili berjudul ""MBG Mas Bahlili Ganteng"" kini makin populer. Tidak hanya sliwar sliwer di media sosial, lagu gubahan akun Tiktok @/vokaliz_netizen tersebut kini mulai dihafal oleh anak-anak. Hal itu terlihat dari sebuah rekaman video yang diposting oleh akun Instagram @/cc.chao. Dalam video tersebut terlihat dua anak yang bermain-main sambil bersenenandung lagu yang menceritakan tentang Menteri ESDM Bahlil Lahadalia itu. Namun lucunya, salah satu anak tak mengira kata ""buahlil"" yang disebut sebagai buah yang paling manis dalam lirik lagu tersebut merupakan buah beneran. Si anak yang penasaran, bertanya kepada orang tuanya tentang ""buahlil"" yang dimaksud. Video: Instagram @/cc.chao #mbg #bahlil #buahlil #lucu #infomora",1399,166,67798,46,173,38.08,suara asli - infomora,infomora,False,2026-05-25T05:16:19.000Z,https://www.tiktok.com/@infomoraid/video/7643693912892214535
tos-alisg-avt-0068/4c9a6d7353211dbd3b9c90a31b9098c4,ayanknyaak2,Abang sampai heran ada Lagu MBG (Mas Bahlil Ganteng) 😂😅 #Aisarkhaledd #Aisarsultanmalaysia #Masukberandafyp #fypシ #CapCut ,1009,3,66232,10,56,35.295,Kanda My little Bolu Ketan,VOKALIZ_NETIZEN,False,2026-05-25T16:03:00.000Z,https://www.tiktok.com/@ayanknyaak2/video/7643860558835469589
tos-alisg-avt-0068/ba898e7c0ff0ce193b4345780c22016f,fachran88,lagu ini lagi… #foryoupage #mbg #fyp #xyzbca #vokaliznetizen  ,5866,1331,66228,88,486,37.567,suara asli - FachranSirad,FachranSirad,False,2026-05-28T11:53:39.000Z,https://www.tiktok.com/@fachran88/video/7644909565045493013
tos-alisg-avt-0068/e0b3f1a07664fc78e9b075467c81343a,raisya.moscow,,262,30,66031,77,83,14.527,suara asli - 𝟙𝟠 𝔽𝕖𝕓𝕣𝕦𝕒𝕣𝕚,𝟙𝟠 𝔽𝕖𝕓𝕣𝕦𝕒𝕣𝕚,False,2026-05-24T06:40:41.000Z,https://www.tiktok.com/@raisya.moscow/video/7643344555563076884
tos-alisg-avt-0068/09aa7c3e12d84dfa81b486975622c402,kifli_laode,Trend MBG (Mas bahlil ganteng) #kiflilaode #viralditiktok #fyp #tutorialdance ,793,144,64823,27,320,15.034,suara asli - 𝙼𝚒𝚖𝚘𝚖𝚒𝚡,𝙼𝚒𝚖𝚘𝚖𝚒𝚡,False,2026-06-03T09:57:45.000Z,https://www.tiktok.com/@kifli_laode/video/7647106174608837896
tos-alisg-avt-0068/1eb486aa7917c789fad76680b767dbfc,fathh_kece,bahlil makin ganteng🥰 #bahlil #bahlilganteng #mbg #fyp #foryoupage ,322,24,64545,556,43,17.138,suara asli - 𝟙𝟠 𝔽𝕖𝕓𝕣𝕦𝕒𝕣𝕚,𝟙𝟠 𝔽𝕖𝕓𝕣𝕦𝕒𝕣𝕚,False,2026-05-25T06:58:37.000Z,https://www.tiktok.com/@fathh_kece/video/7643720269051284743
tos-alisg-avt-0068/fb3bf47216141f84c2437405bd0aade4,clifford.rover.immanuel,#bayilucu #bayigemoy #bayiviral #masbahlilganteng #fyp ,3029,586,63476,36,133,20.9,Kanda My little Bolu Ketan,VOKALIZ_NETIZEN,False,2026-06-03T19:26:12.000Z,https://www.tiktok.com/@clifford.rover.immanuel/video/7647252691646778644
tos-alisg-avt-0068/405c71b114b67e67c76a795bbbf0e59a,nurailuxia,"Apa itu harta, takhta, baskara? 😁✌️ Thank you for the easy listening song, @vokaliz_netizen #mbg #masbahlilganteng #ᴠɪʀᴀʟsᴏɴɢ #handwriting #handwriter",773,191,62559,15,192,60.467,suara asli - Luthfan Adli,Luthfan Adli,False,2026-05-29T00:52:59.000Z,https://www.tiktok.com/@nurailuxia/video/7645110383505771797
tos-alisg-avt-0068/bd8dbdda3f01135f7a874896913a197f,warsihwar0,kuberharap engko mengerti #dance #velocity #fypシ #creatorsearchinsights ,566,930,62515,72,65,13.259,suara asli - abayke✌️,abayke✌️,False,2026-06-04T03:57:17.000Z,https://www.tiktok.com/@warsihwar0/video/7647384386261863701
tos-alisg-avt-0068/7334455587297558536,dwisyahrul17,#foryoupage #gresik24jam #masbahlilganteng ,2529,2207,60322,102,121,13.979,suara asli - DWISYAHRUL17,DWISYAHRUL17,False,2026-05-30T11:35:18.000Z,https://www.tiktok.com/@dwisyahrul17/video/7645647003354959112
tos-alisg-avt-0068/077798f577d6af26d3b66735f515c23a,bocilreplayyy7,Tumben ni orang tua gak update 😭 #windahbasudara #windah #bocilwindah #mbg #bahlil ,1087,33,58969,17,63,21.2,suara asli - DONNN7,DONNN7,False,2026-05-25T17:00:40.000Z,https://www.tiktok.com/@bocilreplayyy7/video/7643875416716987666
tos-maliva-avt-0068/7317497648985866246,detolisme,tercyandu cyandu lagu nya 🤣🤣 #mbg #masbahlilganteng #mylittleboluketan #bengek #candu ,200,337,58367,10,61,60.0,Kanda My little Bolu Ketan,VOKALIZ_NETIZEN,False,2026-05-24T07:37:39.000Z,https://www.tiktok.com/@detolisme/video/7643359249044606226
tos-alisg-avt-0068/a2071b3dac26f49b16f614db25528ad8,always_jayy4,"gimana menurut kalian guys?🔥 penjelasan ⬇️ setelah penertiban BBM, melewati ESDM Bahlil Lahadalia kini membokar 7 kasus tambang ilegal di berbagai wilayah Indonesia  Kementerian energi dan sumber daya mineral (ESDM) Terus memperketat pengawasan terhadap sektor energi dan mineral, sebanyak 7 kasus pertambangan tanpa izin/ilegal berhasil di usut, kasus kasus ini tersebar di wilayah strategis mulai dari kalimantan, Jawa, Sumatra, Maluku modus oprandi yang di gunakan para pelaku umum nya adalah melakukan aktivasi penambangan tanpa izin resmi atau beroperasi melebihi batas wilayah yang telah di tentukan dalam izin mereka praktik ini tidak hanya merugikan pendapatan negara secara masif, tetapi juga merusak ekosistem dan lingkungan sekitar  #bahlil #bahlilhadalia #mbg #masbahlilganteng ",335,39,58161,12,33,20.034,suara asli - Jayy 𝖋𝖙 | 𝐃𝐃𝐂 𝟓𝟐𝟓⚡,Jayy 𝖋𝖙 | 𝐃𝐃𝐂 𝟓𝟐𝟓⚡,False,2026-06-02T07:59:15.000Z,https://www.tiktok.com/@always_jayy4/video/7646704571347209480
tos-alisg-avt-0068/fdcd9d6895dc96031fe22b2cd446ab24,plengerfamily,#plengercookies #plengerfamily #janeanakhomeschooling #parenting ,1196,55,57891,41,24,11.284,suara asli - Plenger=Pursue LovE Not anGER,Plenger=Pursue LovE Not anGER,False,2026-06-04T08:11:46.000Z,https://www.tiktok.com/@plengerfamily/video/7647449962418294037
tos-alisg-avt-0068/d8ba96d34752da3d09710bf04b58e3ae,revlicca,#CapCut Udah phobia sama lagu ini sampe apal ,1546,65,57769,140,187,15.649,suara asli - CLIPER ROBBY PANTJORO,CLIPER ROBBY PANTJORO,False,2026-05-31T11:25:48.000Z,https://www.tiktok.com/@revlicca/video/7646015643074170133
tos-alisg-avt-0068/8d28a4f0caafb5041ac7741f8a152680,riuhonline,"Jagat media sosial dibuat geleng-geleng kepala sama fenomena lagu berjudul MBG alias Mas Bahlil Ganteng yang mendadak viral di mana-mana. Awalnya banyak yang ngira ini cuma konten iseng biasa, tapi ternyata beat-nya yang catchy bikin lagu ini gampang banget nempel di telinga pendengar. Gak butuh waktu lama, lagu ini langsung banjir parodi dan dijadikan soundtrack wajib buat konten joget di berbagai platform digital. Banyak kreator konten yang berlomba-lomba bikin transisi kreatif dengan lagu ini, bikin popularitasnya makin meroket dan gak berhenti sliweran di kolom FYP setiap hari. Fenomena ini jadi bukti nyata gimana kekuatan algoritma bisa bikin sesuatu yang unik dan nyeleneh jadi tren nasional dalam sekejap. Entah karena liriknya yang repetitif atau memang efek viralitas yang candu, MBG sukses jadi lagu yang kehadirannya gak bisa dihindari sama siapa pun yang aktif main medsos. #creatorsearchinsights #mbg #bahlil ",183,268,57709,17,38,16.2,Kanda My little Bolu Ketan,VOKALIZ_NETIZEN,False,2026-05-29T06:25:21.000Z,https://www.tiktok.com/@riuhonline/video/7645196035626683669
tos-maliva-avt-0068/b2fdd7eaf274a8cfed005c0b939142aa,ryden.sumpter,Mas bahlil ganteng | #brazil #mbg #fyp ,1836,227,56658,46,88,15.0,Mbg Mas Bahlil Ganteng,MR EWIK,False,2026-06-03T04:53:18.000Z,https://www.tiktok.com/@ryden.sumpter/video/7647027635255545101
tos-alisg-avt-0068/ddbf859d0675a0134643d3277953d698,alzztaro,lagu baru euy bantu firalin biar semua orang tau #tiktokseries #MBG #heiantekantekasing #prabowo ,337,215,56655,76,105,15.768,suara asli - AlzzTaro 🥀❤️‍🩹,AlzzTaro 🥀❤️‍🩹,False,2026-05-27T11:05:55.000Z,https://www.tiktok.com/@alzztaro/video/7644526181651401992
tos-alisg-avt-0068/a9ca03f514b841e706f1d982e088ee73,tenzo_id,bebek lucu MBG mas Bahlil ganteng #bebek #animasilucu #fypindonesiaシ ,621,122,54489,25,136,15.86,suara asli - 🇩 🇮 🇩 🇴 🇹,🇩 🇮 🇩 🇴 🇹,False,2026-06-03T04:44:20.000Z,https://www.tiktok.com/@tenzo_id/video/7647025405362310418
tos-alisg-avt-0068/0b50a4cdb0507103bb6154a1ead80a7e,beliggml5kchetmimin,",bg mas bahlil ganteng  pocong nih bos#fypシ #masukberanda ",279,89,54387,34,58,15.001,suara asli - DafaNiwoi,DafaNiwoi,False,2026-05-26T05:55:23.000Z,https://www.tiktok.com/@beliggml5kchetmimin/video/7644075057223945493
tos-alisg-avt-0068/cc8dad44b480c2496965e32433cb8810,oghelzulvianto,Apa kepanjangan singkatan dari MBG versi kamu? Hehe #oghel #mbg #bahlil   ,1192,40,53503,43,53,15.046,Mbg Mas Bahlil Ganteng,MR EWIK,False,2026-06-02T01:04:59.000Z,https://www.tiktok.com/@oghelzulvianto/video/7646597815589686536
tos-alisg-avt-0068/cc2a5b84908f530a68beb5057a8bd8f7,lento.lento,Dc MBG remix #mbg #mbgmasbahlilganteng #djremix #dj #remix #trend #velocity #dancechallenge #dance #dancetiktok #tiktok #dancetutorial #tutorial #foryou #foryoupage #fyp ,435,48,52758,15,106,14.834,suara asli - 𝙼𝚒𝚖𝚘𝚖𝚒𝚡,𝙼𝚒𝚖𝚘𝚖𝚒𝚡,False,2026-05-31T11:23:55.000Z,https://www.tiktok.com/@lento.lento/video/7646015142169234696
tos-alisg-avt-0068/1555afae24bfb137454b212036d32c83,trend_velocity_boxing,#dcterbaru2026asikbanget #dcterbaru2026 #trending #lewatberandafyp #trendterbaru ,356,96,52364,18,132,14.954,suara asli - ~TREND~VELOCITY & BOXING~🥊🔥,~TREND~VELOCITY & BOXING~🥊🔥,False,2026-05-31T04:31:02.000Z,https://www.tiktok.com/@trend_velocity_boxing/video/7645908748610882837
tos-alisg-avt-0068/17af30b5ef83a79c16c9442ac976e6e0,kelasbumilan,"maau di buang sayang , gemesin semua. masyaa Allah... semoga anak anak semua bisa jadi menteri seperti Pak Bahlil ganteng aamiin ",313,24,50825,24,64,15.279,MBG (Mas Bahlil Ganteng),MAMAN FVNKY,False,2026-05-26T12:21:16.000Z,https://www.tiktok.com/@kelasbumilan/video/7644174500363324692
tos-alisg-avt-0068/34593867ab50e2993aff22fe64a13255,fanzst1,"penjelasan _______________ Menteri ESDM sekaligus Ketua Umum Partai Golkar, Bahlil Lahadalia, merespons dengan hanya tertawa santai saat mengetahui lagu AI bertajuk ""MBG (Mas Bahlil Ganteng)"" alias ""My Little Bolu Ketan"" viral di media sosial. tanggapan dari Bahlil beserta jajaran pengurus Partai Golkar: Tanggapan Langsung Bahlil Lahadalia Hanya Tertawa Santai: Pihak internal Golkar mengungkapkan bahwa Bahlil sama sekali tidak marah atau tersinggung, melainkan hanya tertawa-tawa saat mendengar lagu tersebut. Bersyukur Diperhatikan: Bahlil sempat menyatakan bahwa bagi seorang politisi, jika tidak viral berarti tidak menjadi pusat perhatian publik. Ia justru bersyukur karena merasa masyarakat masih memberikan perhatian kepadanya.  Pernyataan Resmi Jajaran Partai Golkar Menghargai Kreativitas Netizen: Wakil Ketua Umum Golkar, Idrus Marham, menegaskan bahwa di negara demokrasi, partai sangat menghargai kreativitas warganet selama tidak menyentuh isu sensitif atau rasial. Dianggap Lucu dan Menghibur: Sekretaris Jenderal Golkar, Muhammad Sarmuji, menyebut lirik lagu yang dirangkai dari kumpulan komentar netizen tersebut terasa sangat cute (imut), lucu, dan menghibur. Diartikan Sebagai Bentuk Apresiasi: Golkar mengaitkan viralnya tren jingle ini sebagai apresiasi organik warganet terhadap kerja keras Bahlil, khususnya dalam mengamankan pasokan stok BBM bersubsidi di tengah gejolak krisis energi global. Karena dinilai membawa dampak positif dan membuat masyarakat terhibur, Partai Golkar tidak mempermasalahkan jika akun-akun resmi ataupun kader internal mereka ikut meramaikan tren menggunakan lagu tersebut di TikTok maupun Instagram.  *sumber penjelasan - instragram  #Fyp #tannggapan #nohujat  #Sumber #Bahlil ",413,8,49890,5,32,13.422,suara asli - pinkkybunnyᥫ᭡.ִֶָ𓂃,pinkkybunnyᥫ᭡.ִֶָ𓂃,False,2026-05-29T08:51:33.000Z,https://www.tiktok.com/@fanzst1/video/7645233711264386322
tos-alisg-avt-0068/43a88b217e5ed92c795e41173c9db5d0,frizsenpaii,My Little Bolu Ketan #mylittleboluketan #frizlyrics #303soundedits #lyrics #musiclyrics,1645,457,49012,68,252,15.452,suara asli - 𝟑𝟎𝟑 𝐅𝐫𝐢𝐳𝐥𝐲𝐫𝐢𝐜𝐬,𝟑𝟎𝟑 𝐅𝐫𝐢𝐳𝐥𝐲𝐫𝐢𝐜𝐬,False,2026-05-26T07:50:53.000Z,https://www.tiktok.com/@frizsenpaii/video/7644104816578333973
tos-alisg-avt-0068/69bad14148398da7f9e405104240f1eb,andinipermata773,Mas Bahlil Ganteng #fyppppppppppppppppppppppp #foryoupage #foryou #fyp #fypage ,1386,85,48384,35,149,14.7,suara asli - 𝙼𝚒𝚖𝚘𝚖𝚒𝚡,𝙼𝚒𝚖𝚘𝚖𝚒𝚡,False,2026-05-31T14:27:33.000Z,https://www.tiktok.com/@andinipermata773/video/7646062477834308872
tos-alisg-avt-0068/8c10aa9f06cdff93e8ed9847fe09d704,realiqmal80,dc mbg lagi😭,2096,146,46648,50,106,15.0,Mbg Mas Bahlil Ganteng,MR EWIK,False,2026-06-03T06:06:33.000Z,https://www.tiktok.com/@realiqmal80/video/7647046591534124309
tos-alisg-avt-0068/d587421c0b6cfe077b333e9ae2c8f64f,kupicceskekepmoch,"(MBG)Mas Bahlil Ganteng Buah apa yg paling manih buahlil,dc terbaru lagi nih 😝.  #dancetutorial#trend2026#fyp#fyppppppppppppppppppppppp#fyp ",328,33,45508,15,85,15.047,suara asli - 𝙼𝚒𝚖𝚘𝚖𝚒𝚡,𝙼𝚒𝚖𝚘𝚖𝚒𝚡,False,2026-06-01T03:59:17.000Z,https://www.tiktok.com/@kupicceskekepmoch/video/7646271648110349589
tos-alisg-avt-0068/b52e77c3f80d724d69441594fba29f9f,nirmaanitaa,mbg mas bahlilll gantengggg #mbg #trend ,2583,91,45463,139,195,13.745,suara asli - padmadrawing,padmadrawing,False,2026-06-02T08:00:17.000Z,https://www.tiktok.com/@nirmaanitaa/video/7646704843322641672
tos-alisg-avt-0068/c7f92b9e54eb465991edaa35abea01f0,mawar_ghaisani2,ntr bunda terngiang² lagu MBG 🤣🤣 @@bundacorlaofficialss2 @Bunda Corla Ratu live Dunia  #fypage #bundacorlaratulivedunia #bundacorlalive #bundacorlaofficialss #bundacorla ,521,66,45220,18,51,163.967,Kanda My little Bolu Ketan,VOKALIZ_NETIZEN,False,2026-05-31T05:05:09.000Z,https://www.tiktok.com/@mawar_ghaisani2/video/7645917533865790738
tos-maliva-avt-0068/b2fdd7eaf274a8cfed005c0b939142aa,ryden.sumpter,Mas bahlil ganteng | #indonesia🇮🇩 #mbg ,1376,199,44695,39,67,15.0,Mbg Mas Bahlil Ganteng,MR EWIK,False,2026-06-02T01:39:58.000Z,https://www.tiktok.com/@ryden.sumpter/video/7646606772337216782
tos-alisg-avt-0068/22dcaceaf814b8214217a69a27b1a50a,fafifuu99,"""jangan kirim yg kek gini ke aku beb"" #luthfihalimawan ",1673,49,44434,19,108,58.567,suara asli - kurokooo,kurokooo,False,2026-05-25T03:13:49.000Z,https://www.tiktok.com/@fafifuu99/video/7643662333717335317
tos-alisg-avt-0068/0e7e9e167f685287633250158844b0ac,yonass_kancil,soundya bikin terngiang ngiang😵‍💫😵‍💫😵‍💫#fyp #viral #beranda #omped_visual #bahlil ,1310,53,43776,120,137,15.0,Mbg Mas Bahlil Ganteng,MR EWIK,False,2026-06-04T07:25:38.000Z,https://www.tiktok.com/@yonass_kancil/video/7647438061541936402
tos-alisg-avt-0068/d82ca10aa0c23032acd6b6223f839733,dedillaa,#bahlil #masbahlilganteng ,606,16,42189,13,61,15.117,suara asli - adalahpokoknya,adalahpokoknya,False,2026-05-27T10:00:11.000Z,https://www.tiktok.com/@dedillaa/video/7644509116068597008
tos-alisg-avt-0068/5c6285df06ca903e8d370bb9f2336f4b,rudians96,🎶 • MAS BAHLIL GANTENG • 🎶 #CapCut #masbahlilganteng #liriklagu #viral #fyp ,274,18,41510,13,39,16.033,suara asli - DANUL,DANUL,False,2026-05-28T15:07:57.000Z,https://www.tiktok.com/@rudians96/video/7644959637590101266
tos-alisg-avt-0068/9ecad885ba64a130dd21fee733d7f105,nenekkuching,Buah apa yang paling manis? #buahlil #kucingoyen #funny #bahlil #kucinglucu ,322,65,41485,20,66,12.234,suara asli - Nenek Kucing,Nenek Kucing,False,2026-05-25T04:54:19.000Z,https://www.tiktok.com/@nenekkuching/video/7643688231879363861
tos-alisg-avt-0068/0f7faae8421220a77c9e872755d35c4b,kreatorlaguhits,Lagu MBG Mas Bowo Gemoy. ini yang kalian cari kan? #fyp #masbowogemoy ,312,60,41429,25,43,24.367,suara asli - Kreator Lagu Hits,Kreator Lagu Hits,False,2026-05-30T12:41:17.000Z,https://www.tiktok.com/@kreatorlaguhits/video/7645664004878159111
tos-maliva-avt-0068/4abf0a9152478fb9b0197f0ec2a665d9,taylor.mantooth,,1183,75,41404,78,54,15.0,Mbg Mas Bahlil Ganteng,MR EWIK,False,2026-06-04T10:21:31.000Z,https://www.tiktok.com/@taylor.mantooth/video/7647483188582894878
tos-alisg-avt-0068/fa39906751ca72598207c86d76817799,m.zurino.rino,"PUJIAN VIRAL UNTUK MENTERI ESDM (Pak Bahlil Lahadalia), muncul melalui lagu jenaka berjudul ""MBG"" (Mas Bahlil Ganteng) di medsos. Lirik tersebut menyebutnya ganteng dan memuji kerja kerasnya. Respon Pak Bahlil sendiri menanggapi lagu ini dengan santai dan sekedar tertawa.  Anda dapat melihat diskusi di akun resmi ""Instagram Golkar"". #viral #lagu #pujian  #mbg #fyp ",250,59,38908,17,71,30.512,suara asli - ~@M.Rino,~@M.Rino,False,2026-05-30T17:05:17.000Z,https://www.tiktok.com/@m.zurino.rino/video/7645732033477512466
tos-alisg-avt-0068/8835b96053c3c8543a236cf8a95e991b,les_verts2,,226,561,38813,45,35,50.3,Glorious Motion (STEM bass),Klanglobby / BMGPM,False,2026-04-21T02:13:58.000Z,https://www.tiktok.com/@les_verts2/video/7631030010999999765
tos-alisg-avt-0068/fd7dd4c3c9fb5c1c5d215d4da7ca2e6c,yazkinaufall_,mbg mas bowo ganteng #mbgmasbahli#mbgmasbowo#tungtungtungsahur@yazkinaufall ,317,39,38121,46,65,13.05,MBG (Mas Bahlil Ganteng),MAMAN FVNKY,False,2026-05-27T01:59:13.000Z,https://www.tiktok.com/@yazkinaufall_/video/7644385298843127060
tos-maliva-avt-0068/fad8da6ab116306960e8bb0df8c8fe6d,_barokganteng,Tak taoh lessoh @renoo @IPAN ,3783,147,37763,77,170,16.467,suara asli - stayherz,stayherz,False,2026-06-04T03:37:36.000Z,https://www.tiktok.com/@_barokganteng/video/7647379308188568850
tos-alisg-avt-0068/bffdd0849f16949e6d7915e17c141586,itzz_shah14,Ikut trend 🤭🤭 #GABUT #LIKE #EPYEPE ,241,107,37471,1325,73,15.634,MBG (Mas Bahlil Ganteng),MAMAN FVNKY,False,2026-05-27T14:52:07.000Z,https://www.tiktok.com/@itzz_shah14/video/7644584466089774357
tos-alisg-avt-0068/b73628160999073272634d168b721bb9,dea.bilqis14,#menerimalbfb   mbg mas bahlil ganteng #mbg  #laguviral #LAGUMBG 1jt penonton 3 menit amin ,191,101,37203,34,30,15.68,suara asli - Naraz•_•,Naraz•_•,False,2026-05-31T05:28:36.000Z,https://www.tiktok.com/@dea.bilqis14/video/7645923576951999762
tos-maliva-avt-0068/6ea236acdbec46b48669b4e74cefe56d,sadboybgtasli,"nyanyi terus ini nyebelin, cowo kalian juga ga?!😭",795,34,37167,9,42,16.091,MBG (Mas Bahlil Ganteng),MAMAN FVNKY,False,2026-05-27T08:43:54.000Z,https://www.tiktok.com/@sadboybgtasli/video/7644489572130344212
tos-useast2a-avt-0068-giso/c9ac366e0b650f8ccd6b1bf5cab666b6,clarissaaong,MBG TREND 🤣 #fyptiktokviral #viraltiktok #tutorialdance #fypdance #fypp ,178,28,36165,12,56,14.767,suara asli - 𝙼𝚒𝚖𝚘𝚖𝚒𝚡,𝙼𝚒𝚖𝚘𝚖𝚒𝚡,False,2026-05-31T13:44:39.000Z,https://www.tiktok.com/@clarissaaong/video/7646051429832002836
tos-alisg-avt-0068/73a87bcf80f239d03312dd70daef8091,shrulidn,Kecanduan MBG #fyp #Meme,4772,146,36087,45,607,15.047,Mbg Mas Bahlil Ganteng,MR EWIK,False,2026-05-26T05:48:57.000Z,https://www.tiktok.com/@shrulidn/video/7644073394203315477
tos-alisg-avt-0068/b14188c525617598aac66ee901a0cc6d,warta.indonesian,Gen Alpha: nyanyi lagu 'Mas Bahlil Ganteng' langsung di toa Masjid 😭 #videoviral #bahlil #esdm #darirakyatuntukenergi #iduladhacore ,450,45,36042,18,42,15.279,BUAH LIL,DJ VINNIE PARGOY,False,2026-05-28T18:23:27.000Z,https://www.tiktok.com/@warta.indonesian/video/7645010004201868565
tos-alisg-avt-0068/937380709fe7f6f2077199509c26b7e3,viaprabu.official,besok guys. #caruban24jam #mbg ,217,44,35754,8,13,38.244,suara asli - @Via dewi_,@Via dewi_,False,2026-05-23T14:43:48.000Z,https://www.tiktok.com/@viaprabu.official/video/7643097979385040148
tos-alisg-avt-0068/538c2905e690a993e6cac0713ba6ff03,chairaael04,ga kuat,961,39,35738,15,102,22.755,Kanda My little Bolu Ketan,VOKALIZ_NETIZEN,False,2026-05-31T14:24:31.000Z,https://www.tiktok.com/@chairaael04/video/7646061690341117204
tos-alisg-avt-0068/337b5f5139ab8769efebf11b8db5d92f,ddsunsine,buah lil #fyp #sedih ,1133,194,35725,42,238,15.001,MBG (Mas Bahlil Ganteng),MAMAN FVNKY,False,2026-05-28T10:03:30.000Z,https://www.tiktok.com/@ddsunsine/video/7644881184568167687
tos-alisg-avt-0068/cc2a5b84908f530a68beb5057a8bd8f7,lento.lento,Dc MBG lainnya #mbg #mbgmasbahlilganteng #djremix #dj #remix #trend #velocity #dancechallenge #dance #dancetiktok #tiktok #dancetutorial #tutorial #foryou #foryoupage #fyp ,282,24,35637,20,58,14.934,suara asli - BERDIKARI 11.02,BERDIKARI 11.02,False,2026-06-03T04:56:07.000Z,https://www.tiktok.com/@lento.lento/video/7647028432144026887
tos-alisg-avt-0068/1491ef85e28c652a9d1ca1af5af1bc61,momy0121,#trending #fyp #mbglovers❤️ ,1175,141,35348,35,274,16.277,Mbg Mas Bahlil Ganteng,MR EWIK,False,2026-05-29T15:06:12.000Z,https://www.tiktok.com/@momy0121/video/7645330260476644629
tos-alisg-avt-0068/c102242dfa3b500f527e52faf87dbb0d,rizky_dino,Lov u Bahlilll🖤 #mbg #bahlilganteng #trend #viral #fyp ,2045,92,35328,78,397,15.001,MBG (Mas Bahlil Ganteng),MAMAN FVNKY,False,2026-05-25T15:08:43.000Z,https://www.tiktok.com/@rizky_dino/video/7643846561696435477
tos-alisg-avt-0068/55f184bde2340265385c240911f29776,leijun1618,Maafin yaaa klo nyanyi nya kurang sempurna dan salah lirik 🙏🏻😭 dia bukan orang indo 🥲 bahasa Indonesia nya masih belajar 😭 maklumin yaaa #couple #fyp #mbg #funny #mixedcouple ,1515,153,34301,51,100,59.419,Mbg Mas Bahlil Ganteng,MR EWIK,False,2026-06-03T11:54:25.000Z,https://www.tiktok.com/@leijun1618/video/7647136262742117652
tos-alisg-avt-0068/6d532e6a5205ee93107f75f60b57b786,lofnme_tiktok,"Chord gitar Mas Bahlil Ganteng (Kanda my little bolu ketan - vokaliz netizen) versi jazz. Lagunya kocak, tapi enak didenger bjirr 🗿 #mbg #masbahlilganteng #buahlil #chordgitar #trend ",456,60,34266,8,212,34.203,Kanda My little Bolu Ketan,VOKALIZ_NETIZEN,False,2026-05-25T09:46:44.000Z,https://www.tiktok.com/@lofnme_tiktok/video/7643763580894006549
tos-alisg-avt-0068/94374e2708b81688e0d9a447c16014ec,random_official77,mas bahlil ganteng 🤙🏻🤪🫳🏻                                 #soundviral #mbg #masbahlil #bahlil #berdikari @BERDIKARI 11.02 @RN MUSIC OFFICIAL ,838,383,33667,16,100,32.767,suara asli - BERDIKARI 11.02,BERDIKARI 11.02,False,2026-05-29T00:14:09.000Z,https://www.tiktok.com/@random_official77/video/7645100382804266260
tos-alisg-avt-0068/14164eaabf7bada32431f260e67ae689,febrianpratama6038,MBG mas bahlil ganteng🗿 #soundhoreg #soundviral #horeg ,444,185,33209,39,101,20.611,suara asli - FABIAN DISJOCKEY,FABIAN DISJOCKEY,False,2026-05-29T08:48:01.000Z,https://www.tiktok.com/@febrianpratama6038/video/7645232789033471239
tos-alisg-avt-0068/2c85258cd8857a3eaaa033a06e024ec6,trentiktok124,"MBG mas Bahlil ganteng~Dance terbaru 2026, asyikk banget sama lucu(MBG)😂😹😹. #dcterbaru2026#dcterbaru#fyp#foryoupage#fyppppppppppppppppppppppp ",166,18,32769,5,36,14.954,suara asli - 𝙼𝚒𝚖𝚘𝚖𝚒𝚡,𝙼𝚒𝚖𝚘𝚖𝚒𝚡,False,2026-05-28T23:31:16.000Z,https://www.tiktok.com/@trentiktok124/video/7645089323871735061
tos-useast2a-avt-0068-giso/dd81f4542bbef35f1ff793f110de5e82,sahabatulin,MBG MAS BAHLIL GANTENG,321,13,32304,18,96,18.182,suara asli - Manguni,Manguni,False,2026-05-28T12:02:52.000Z,https://www.tiktok.com/@sahabatulin/video/7644911926069284104
tos-alisg-avt-0068/c1ecfe09df4858dc67caf781a5e8c0a6,yanzz_music09,Ringtone Mbg >> #yannzmusic #forfun #fullbass #fyppppppppp #foryou ,434,2407,31697,21,91,50.04,suara asli - FrainzLyrics,FrainzLyrics,False,2026-05-30T04:06:01.000Z,https://www.tiktok.com/@yanzz_music09/video/7645531193013849351
tos-alisg-avt-0068/7c59dfe6386bfde830e218690ed72348,acaacaaaa26,"yg tenang ya nakk,no no ngamuk yaa😭 ",193,13,31377,18,53,14.813,suara asli - black mamba 🛖,black mamba 🛖,False,2026-05-28T06:28:38.000Z,https://www.tiktok.com/@acaacaaaa26/video/7644825796816768277
tos-alisg-avt-0068/a6234aa17894bd1eee6e3e0f682d8b8b,gadisbanuaaaa,#bahlil #mbg #masbahlilganteng,883,29,31145,22,58,15.046,suara asli - Mang Aplent,Mang Aplent,False,2026-05-30T02:12:43.000Z,https://www.tiktok.com/@gadisbanuaaaa/video/7645502017909034260
tos-useast2a-avt-0068-euttp/aca0613dd2f7296d5e18d30b4b22d146,jemstandy,dear mbg. #masbahlilgantenkk🥰🥰 ,806,183,30843,10,78,15.022,Mbg Mas Bahlil Ganteng,MR EWIK,False,2026-06-03T05:02:33.000Z,https://www.tiktok.com/@jemstandy/video/7647029919775460625
tos-alisg-avt-0068/b14188c525617598aac66ee901a0cc6d,warta.indonesian,Buah apa yang paling manis? BUAHLILLL Viral lagu “MBG Mas Bahlil Ganteng” di media sosial kini menjadi trend dan semakin dekat dengan masyarakat #bahlillahadalia #darirakyatuntukenergi #bahlil #esdm #laguviral ,145,12,30257,5,5,17.021,suara asli - Warta Indonesian,Warta Indonesian,False,2026-05-26T10:42:22.000Z,https://www.tiktok.com/@warta.indonesian/video/7644149000924351764
tos-alisg-avt-0068/6047428bc657e67b67e9bfe4b4cf7862,vaanz338,MBG mas bahlil ganteng 😘#bahlil#mbgmasbahlilganteng#trend#firal#fyppp ,184,38,29950,19,46,13.909,suara asli - 𝐕𝐚𝐚𝐧𝐳,𝐕𝐚𝐚𝐧𝐳,False,2026-06-02T07:48:51.000Z,https://www.tiktok.com/@vaanz338/video/7646701883872300296
tos-alisg-avt-0068/128e0b9a2527fc1c9ac0a8b242c408bb,interpretamusik,MBG Mas Bahlil Ganteng 💕 #trending,103,26,29876,8,33,13.5,suara asli - interpretamusik,interpretamusik,False,2026-05-25T00:55:30.000Z,https://www.tiktok.com/@interpretamusik/video/7643626693520854292
tos-alisg-avt-0068/03ab36b72f612965e8d6832f4facd960,anakbojong0,Serius lagu besseler bangat@CNN Indonesia ,498,17,28907,73,35,15.046,Mbg Mas Bahlil Ganteng,MR EWIK,False,2026-06-04T06:51:11.000Z,https://www.tiktok.com/@anakbojong0/video/7647429189435526420
tos-alisg-avt-0068/7f8aa32ef221e4d250712eed7473f2f1,marvincalla,Mas Bahlil Ganteng,284,8,28906,20,70,14.256,suara asli - Marvin Calla,Marvin Calla,False,2026-05-31T03:55:01.000Z,https://www.tiktok.com/@marvincalla/video/7645899467274620167
tos-alisg-avt-0068/ef55c0ad9772210a6d29d0abc345a8a7,pizza.momshaka.ke,,568,189,28493,22,238,11.539,Mbg Mas Bahlil Ganteng,Libbie Cupps,False,2026-05-30T01:29:24.000Z,https://www.tiktok.com/@pizza.momshaka.ke/video/7645490847693294869
tos-useast2a-avt-0068-giso/7125743312740450330,realmrbert,Rupiah akan tembus 22.000 karena MBG  #creatorsearchinsights  #MBG ,1624,488,28383,173,188,118.769,suara asli - MrBert,MrBert,False,2026-06-04T11:00:00.000Z,https://www.tiktok.com/@realmrbert/video/7647473988595223829
tos-alisg-avt-0068/e53f7abdae202991b7b193731360be86,sppg_sindangjaya2,"menu mbg hari inii dengan chicken kebab, selamat menikmati teman teman💙 #menumbghariini #mbg #makanbergizigratis #sppg #cipanascianjur ",474,132,28150,19,327,15.282,suara asli - ilc.padang.official,ilc.padang.official,False,2026-06-02T00:23:46.000Z,https://www.tiktok.com/@sppg_sindangjaya2/video/7646587176855031060
tos-alisg-avt-0068/d28783cd559e346b9564c3f20c8178a0,erlinaimwa2_,,242,92,28113,11,32,15.046,Kanda My little Bolu Ketan,VOKALIZ_NETIZEN,False,2026-06-03T06:25:08.000Z,https://www.tiktok.com/@erlinaimwa2_/video/7647051394352041236
tos-alisg-avt-0068/05a7d5aa85070b7a2d25076f6329f811,music.io.official,Mas Bowo Gemoy [VOKALIZ_NETIZEN] | Izinn🙏 | #fyp #liriklagu #laguviral ,133,41,28017,18,31,15.8,suara asli - Sultan,Sultan,False,2026-05-31T11:48:13.000Z,https://www.tiktok.com/@music.io.official/video/7646021412490104084
tos-useast2a-avt-0068-giso/7155702270582554650,maulindafani,MBG ‘5B’ 🙏🏻 #MBG #Sekolah #MasBahlilGanteng #Trend #GuruMurid ,191,24,27894,36,31,15.067,suara asli - AdindaBahlil,AdindaBahlil,False,2026-05-28T00:39:25.000Z,https://www.tiktok.com/@maulindafani/video/7644735799719742741
tos-alisg-avt-0068/b19cbf0c45f4f907f25e3cfd20633e4d,nadif_doff,Tiba-tiba ada yang nyanyi lagu MBG  Mas Bahlil Guanteeng #mbg #bahlil #baksoviral #baksoseafood #banyumas ,267,6,27607,18,18,23.104,suara asli - Nadif doff,Nadif doff,False,2026-05-25T08:31:41.000Z,https://www.tiktok.com/@nadif_doff/video/7643744239725186322
tos-alisg-avt-0068/b17e13255b6a4a02481303e2c9293b16,pawpaw_008,MBG mas Bahlil ganteng #MLBBAllStar #MLBBEmote #MLBBSirenMask #MobileLegendsBangBang #MLBB ,377,66,27549,32,84,41.334,Kanda My little Bolu Ketan,VOKALIZ_NETIZEN,False,2026-06-03T08:41:29.000Z,https://www.tiktok.com/@pawpaw_008/video/7647086541017255176
tos-alisg-avt-0068/6e30496b6d4c6ee2a6da298ce5d54d2e,kucinguniversal,Trio Kucing joget MBG Mas Bahlil Ganteng. #mbg #kucing #soundviral #laguviral #kucingtiktok ,302,29,27459,28,73,15.792,Mbg Mas Bahlil Ganteng,MR EWIK,False,2026-06-01T05:04:42.000Z,https://www.tiktok.com/@kucinguniversal/video/7646288496973532436
tos-alisg-avt-0068/ee863374101b73615e5e54c49bc4512f,agung.news,Lagu MBG Bahlil disoroti tajam. #MBG #mylittleboluketan #bahlil #masbahlilganteng #bahlillahadalia,195,8,26885,37,34,32.067,suara asli - AGUNG NEWS,AGUNG NEWS,False,2026-05-30T19:34:58.000Z,https://www.tiktok.com/@agung.news/video/7645770603533733140
tos-alisg-avt-0068/21a0e98accee0bc545c1c3c70096f238,sppg_tanjungselamat_1,"MBG MBG MBG, Makan Bergizi Gratis bukan Makan Bikin Gemuk😁#badangizinasional #sppgtanjungselamatlangkat #foryou #followme #tiktok ",256,18,26874,13,28,31.677,Tepuk Makan Bergizi Gratis (MBG),Rizalduh,False,2026-04-22T21:06:01.000Z,https://www.tiktok.com/@sppg_tanjungselamat_1/video/7631692829936422162
tos-alisg-avt-0068/1a8a78dc145270d741471922187f16a7,jihan.nadya65,#daster #dasterviral #fypdance ,287,61,26329,4,42,13.816,Kanda My little Bolu Ketan,VOKALIZ_NETIZEN,False,2026-06-03T02:45:41.000Z,https://www.tiktok.com/@jihan.nadya65/video/7646994821151853844
tos-alisg-avt-0068/68423a6070882778aac475207889fbf7,zef_ganz_remix,"DJ ""MBG MAS BALIL GANTENG"" GUNAKAN HEADSET 👉🏻 🎧 🎶 🫵🏻  #mbg #masbalilganteng",240,143,26253,41,59,146.17,suara asli - Ganzz Remix,Ganzz Remix,False,2026-05-28T15:35:59.000Z,https://www.tiktok.com/@zef_ganz_remix/video/7644966862605782279
tos-alisg-avt-0068/ea03c28897d35d3c03d855ff29f80e64,agusbonte86,#CapCut ,169,200,25917,6,13,33.067,suara asli - 𝟙𝟠 𝔽𝕖𝕓𝕣𝕦𝕒𝕣𝕚,𝟙𝟠 𝔽𝕖𝕓𝕣𝕦𝕒𝕣𝕚,False,2026-06-01T10:00:18.000Z,https://www.tiktok.com/@agusbonte86/video/7646364683657661717
tos-alisg-avt-0068/c6998bafe10f168d7dadb376f0d1ae59,industrialclass.one_,mas buahlil ganteng #mbgholic #teknikmesin #pekalongan24jam #masbahlilgantengbangetgilaaaaaakkkk #fypppp ,719,135,25719,47,18,22.667,suara asli - 𝙈𝙐𝙎𝙄𝘾 𝗦𝗧⭕𝗥𝗬,𝙈𝙐𝙎𝙄𝘾 𝗦𝗧⭕𝗥𝗬,False,2026-06-02T08:38:05.000Z,https://www.tiktok.com/@industrialclass.one_/video/7646714572895751444
tos-alisg-avt-0068/b4256df50e24d61594682d9ba0b91d2d,vieygirls_,MBG bersama om bahlil ganteng 😭🤣 #robloxfyp #roblox #robloxindonesia #robloxgames ,305,39,25267,17,47,16.3,suara asli - Oraa,Oraa,False,2026-05-30T08:19:46.000Z,https://www.tiktok.com/@vieygirls_/video/7645596609434144021
tos-alisg-avt-0068/68485eb061b1cf2f3f137ed9e1de2c59,indriyoonji,Dc mbg mas bahlil ganteng buah apa yang paling manis???@reviiisssss‼️ @reviii？ #velocity #tiktokpemula #jawatimur #viralvideo #fyppppppppppppppppppppppp ,205,16,25267,42,22,15.367,suara asli - BERDIKARI 11.02,BERDIKARI 11.02,False,2026-06-01T07:22:03.000Z,https://www.tiktok.com/@indriyoonji/video/7646323898232884500
tos-alisg-avt-0068/c28f7d304ec456b90043e5cb6dbd026e,oraumumjoh,kisah bapak #bahlil dan ibu #sherlytjoanda dengan berbagai macam komentar netizen yang imut,97,66,25184,3,13,50.534,suara asli - Ora Umum,Ora Umum,False,2026-05-18T08:00:00.000Z,https://www.tiktok.com/@oraumumjoh/video/7641129649786899733
tos-alisg-avt-0068/087a56253fe29192c4226ab61ffcfdcb,nabrisbilmakkiy,Ter Bahli Bahlil 😬🤩 Bahaya ga sih kalo uda mulai terngiang ngiang lagu ini truss😭 #bahlil #mbg #trend ,146,45,24033,6,31,13.234,suara asli - nabris.blmkky,nabris.blmkky,False,2026-05-27T07:49:59.000Z,https://www.tiktok.com/@nabrisbilmakkiy/video/7644475672957586708
tos-alisg-avt-0068/5ea3bf17754eb2131d7464dc7c1a3532,ya_humairra,Lagu MBG Viral Mas Bahlil Ganteng #MBG #lagumbg #masbahlilganteng #boluketan  #humairoh ,545,47,23952,70,52,15.0,suara asli - Humairoh,Humairoh,False,2026-05-30T04:36:07.000Z,https://www.tiktok.com/@ya_humairra/video/7645538963574344981
tos-alisg-avt-0068/4d108c6f74aa52897e04d056e74e355e,alin_lyaa,#CapCut #aibigbang #capcutpioneer #pioneertemplate ,340,95,23939,40,40,13.77,suara asli - 💝Alin🤗,💝Alin🤗,False,2026-05-27T12:39:20.000Z,https://www.tiktok.com/@alin_lyaa/video/7644550250878799124
tos-useast2a-avt-0068-euttp/7334940915343032353,kliksource,"Sourcers, lagu ""MBG Mas Bahlil Ganteng"" ini bukan lagu biasa,  ini bukti nyata gimana AI bisa ngubah komentar random netizen jadi sebuah karya yang ditonton 13,6 juta kali dan dipakai di 88 ribu video TikTok hanya dalam sebulan! Dibuat oleh akun @vokaliz_netizen, lagu parodi soal Menteri ESDM Bahlil Lahadalia ini viral karena liriknya absurd tapi nggak bisa keluar dari kepala 😂🎵 Fenomena ini nunjukkin bahwa di era sekarang, humor netizen Indonesia kalau ketemu AI bisa jadi sesuatu yang luar biasa powerful. Kalian udah denger belum? #bahlillahadalia #lagumbg #laguviral2026 #masbahlilganteng #kliksource ",216,26,23919,4,27,112.871,MBG (Mas Bahlil Ganteng),MAMAN FVNKY,False,2026-05-28T13:25:25.000Z,https://www.tiktok.com/@kliksource/video/7644933196362140949
tos-useast2a-avt-0068-euttp/856fadda015bb114b31101eeda4e371f,mang_aplent,"Jangan Hafal Ya, Ijin Ya Kakak Kakak #bahlil #laguviral #masbahlilganteng ",296,20,23882,17,25,30.234,suara asli - Mang Aplent,Mang Aplent,False,2026-05-30T05:51:32.000Z,https://www.tiktok.com/@mang_aplent/video/7645558399756700948
tos-alisg-avt-0068/d227c77990d5038e1c004a827ef8ed59,lowzicmantniz,MBG. mas Bahlil ganteng. #mbg #viraltiktok #bismillahfyp #creatorsearchinsights ,149,256,22130,4,39,55.521,suara asli - Lowzi Cmantniz24,Lowzi Cmantniz24,False,2026-05-31T11:57:32.000Z,https://www.tiktok.com/@lowzicmantniz/video/7646023814853250324
tos-useast2a-avt-0068-giso/7157280086259925019,randomb3nget,mbg mas bahlil ganteng #mbg #fyp #xyzbca #masbahlilganteng ,164,5,21887,6,30,10.31,Mbg Mas Bahlil Ganteng,MR EWIK,False,2026-05-29T06:24:20.000Z,https://www.tiktok.com/@randomb3nget/video/7645195756873288968
tos-alisg-avt-0068/4da5b17b8880da8406b41e428f9f9fdf,arasoo002,mas bahlil guanteng😭 #fyp #mbg #xybca #brazil🇧🇷 #dance izin ya pak@Bahlil Lahadalia ,390,206,21372,2,45,15.0,Mbg Mas Bahlil Ganteng,MR EWIK,False,2026-06-03T07:12:15.000Z,https://www.tiktok.com/@arasoo002/video/7647063533309496584
tos-alisg-avt-0068/31d4c4d3a72c61a38f1d4479d1910e2d,str4wberry382,MBG🥰MAS BAHLIL🤭GANTENG😳BUAH APA?🥝YANG PALING MANIS🍭BUAHLILL🧔🏾TAMBAH GANTENG AJA🤭MY LITTLE BOLU KETAN🥮UPS😚KANDA SUKA❤DINDA PUNYA GAYA😎SIALAN DIA😒MAKIN LUCU GUYS🥹KALAU DI PERHATIIN🧐LAMA LAMA MIRIP...❓ZAYN MALIK IHH🤗MY BAHLIL GANTENG🤩MAKIN GLOWING AJANIHH💫MY KOKO🙈BAHLIL KECINTAAN KUU🌈MY LITTLE CILOK PENTOL🥚KECAP DINDAA👩MAAFKAN DINDA DULU SALAH PAHAM ❌MBG🥰MAS BAHLIL🤭GANTENG😳BUAH APA?🥝YANG PALING MANIS🍭BUAHLILL🧔🏾TAMBAH GANTENG AJA🤭MY LITTLE BOLU KETAN🥮UPS😚KANDA SUKA❤DINDA PUNYA GAYA😎SIALAN DIA😒MAKIN LUCU GUYS🥹KALAU DI PERHATIIN🧐LAMA LAMA MIRIP...❓ZAYN MALIK IHH🤗MY BAHLIL GANTENG🤩MAKIN GLOWING AJANIHH💫MY KOKO🙈BAHLIL KECINTAAN KUU🌈MY LITTLE CILOK PENTOL🥚KECAP DINDAA👩MAAFKAN D D MBG😚❤️mAs BaHLiL😨 gAnTeNg😻🌷BuAh🍎ApA😲yAnG pALiNg💕MaNiS🥰💅🏻 BuAhLiLL🥰😍tAmBaH gAnTeNg AjA😆💅🏻My LiTtLe❤️😚BoLu🍰Ketan❤️😆😍💕MBG 🥰MAS BAHLIL🤭GANTENG😳BUAH APA?🥝YANG PALING MANIS🍭BUAHLILL🧔🏾TAMBAH GANTENG AJA🤭MY LITTLE BOLU KETAN🥮UPS😚KANDA SUKA❤DINDA PUNYA GAYA😎SIALAN DIA😒MAKIN LUCU GUYS🥹KALAU DI PERHATIIN🧐LAMA LAMA MIRIP...❓ZAYN MALIK IHH🤗MY BAHLIL GANTENG🤩MAKIN GLOWING AJANIHH💫MY KOKO🙈BAHLIL KECINTAAN KUU🌈MY LITTLE CILOK PENTOL🥚KECAP DINDAA👩MAAFKAN DINDA DULU SALAH PAHAM ❌MBG🥰MAS BAHLIL🤭GANTENG😳BUAH APA?🥝YANG PALING MANIS🍭BUAHLILL🧔🏾TAMBAH GANTENG AJA🤭MY LITTLE BOLU KETAN🥮UPS😚KANDA SUKA❤DINDA PUNYA GAYA😎SIALAN DIA😒MAKIN LUCU GUYS🥹KALAU DI PERHATIIN🧐LAMA LAMA MIRIP...❓ZAYN MALIK IHH🤗MY BAHLIL GANTENG🤩MAKIN GLOWING AJANIHH💫MY KOKO🙈BAHLIL KECINTAAN KUU🌈MY LITTLE CILOK PENTOL🥚KECAP DINDAA👩MAAFKAN D D MBG😚❤️mAs BaHLiL😨 gAnTeNg😻🌷BuAh🍎ApA😲yAnG pALiNg💕MaNiS🥰💅🏻 BuAhLiLL🥰😍tAmBaH gAnTeNg AjA😆💅🏻My LiTtLe❤️😚BoLu🍰Ketan❤️😆😍💕,187,26,21214,65,39,15.061,suara asli - @prettyyyyygrilsssss 🍒🍓,@prettyyyyygrilsssss 🍒🍓,False,2026-05-29T10:56:21.000Z,https://www.tiktok.com/@str4wberry382/video/7645265885552332039
tos-alisg-avt-0068/4cf32f409d39b555fc79ee0cf1b0b437,grdaa66,Ini sih kacau😅 #bbm #prabowo #swasembada ,2663,164,20868,42,163,62.996,suara asli - mieayam,mieayam,False,2026-04-06T23:18:12.000Z,https://www.tiktok.com/@grdaa66/video/7625789233256566017
tos-alisg-avt-0068/e245811d294450b268f256213754f5fd,ommet21_official,BAGI-BAGI MBG 🤗🤣#tiktok #fyp ,197,7,20582,21,47,35.179,Mbg Mas Bahlil Ganteng,Libbie Cupps,False,2026-05-30T03:37:18.000Z,https://www.tiktok.com/@ommet21_official/video/7645523808664816917
tos-alisg-avt-0068/760f25d06a33e3f8ed588f906391a217,falz.lyrics,MBG🥰 #lirik #lagu #foryoupage #100k ,277,256,20451,22,47,15.415,suara asli - 𝟙𝟠 𝔽𝕖𝕓𝕣𝕦𝕒𝕣𝕚,𝟙𝟠 𝔽𝕖𝕓𝕣𝕦𝕒𝕣𝕚,False,2026-05-24T10:32:58.000Z,https://www.tiktok.com/@falz.lyrics/video/7643404428195663112
tos-alisg-avt-0068/f130b6c94fbeb4fa8cf9d468177edaf7,trenddance_324,buah. apa yg paling maniass😫😋#fypシ゚viral #masukberanda #trending #mbg #masbahlilganteng ,93,77,20196,9,5,13.967,Kanda My little Bolu Ketan,VOKALIZ_NETIZEN,False,2026-05-26T08:36:19.000Z,https://www.tiktok.com/@trenddance_324/video/7644116538395561223
tos-alisg-avt-0068/d488aed7efb3271f982d753a4489ebe1,27filesss___,my little bolu ketan #bahlil #mylittleboluketan #bahlillahadalia #fyp ,175,150,20017,5,28,22.737,Kanda My little Bolu Ketan,VOKALIZ_NETIZEN,False,2026-05-23T02:39:26.000Z,https://www.tiktok.com/@27filesss___/video/7642911309452905749
tos-alisg-avt-0068/347b8b0b00c6a179f1cae459cfaa28f2,dunia.musik21,"Ada-ada saja kreativitas netizen masa kini. Tren terbaru memperlihatkan sebuah lagu berbasis AI yang seluruh liriknya diambil langsung dari kumpulan komentar netizen di media sosial. Uniknya, meski berawal dari candaan di kolom komentar,  #duniamusik21 #musikindonesia #bahlil",155,38,19703,4,31,58.074,suara asli - dunia.musik21,dunia.musik21,False,2026-05-25T05:21:26.000Z,https://www.tiktok.com/@dunia.musik21/video/7643695222383316244
tos-alisg-avt-0068/cd8f18844cf82833ea76eabc0600cc3b,ramavilmeiii,#rama #vilmei #fyp #bociltiktok #mbg ,166,5,19414,60,27,15.072,suara asli - rama,rama,False,2026-05-26T08:23:44.000Z,https://www.tiktok.com/@ramavilmeiii/video/7644113288380304661
tos-alisg-avt-0068/c0c8be8aa2644d61f82488dd2846dee0,me_misa2,MBG - Mas Bahlil Ganteng #justforfun #fyp #me_misa #liriklagu #mbgmasbahlilganteng ,128,65,19294,3,39,40.239,Kanda My little Bolu Ketan,VOKALIZ_NETIZEN,False,2026-06-03T10:12:17.000Z,https://www.tiktok.com/@me_misa2/video/7647109930801007892
tos-maliva-avt-0068/e66e3ebbb63284d74945b7df236e8c7c,riridwannn,Replying to @Arsyila Syafitri Tung Tung Sahur jutek bgt kayanya bete liat Ridwan Kumisan 🤣 @R1DZ 🕺🏻  #Riridwannn #dance #tungtungtungsahur ,301,4,19099,26,26,14.72,suara asli - MemeScreens,MemeScreens,False,2026-06-04T06:24:58.000Z,https://www.tiktok.com/@riridwannn/video/7647422433733004552
tos-alisg-avt-0068/c37bbfdd729f13db5a17547478ff219f,baby_ciyen23,My little bolu ketan🖤🥰 #vokaliz_netizen #fypシ゚viral🖤tiktok #mbg #robloxfyp @vokaliz_netizen #catalogavatarcreator ,131,97,18431,17,29,52.269,suara asli - QueenBee_Ciyen 🐝,QueenBee_Ciyen 🐝,False,2026-05-23T03:24:33.000Z,https://www.tiktok.com/@baby_ciyen23/video/7642922934499052821
tos-maliva-avt-0068/15c35a6ce92752114d214fe5cd8e145d,m0ody17,#pov percayalah kata2 ksr yg dilontarkan itu tanda cinta dia ke gw @punigalauabis ,1103,13,18366,11,8,19.334,Piano famous song Chopin Deep deep clear beauty,RYOpianoforte,False,2026-06-04T07:45:22.000Z,https://www.tiktok.com/@m0ody17/video/7647443156081954055
tos-alisg-avt-0068/439f0349366b776db3e231e5c035e14d,esterrita100,Soundtrack Film MBG#CapCut#lewatberanda #drivermuda #4upage #fyp ,115,16,18244,7,24,16.267,suara asli - Ester Rita,Ester Rita,False,2026-03-13T20:15:39.000Z,https://www.tiktok.com/@esterrita100/video/7616836417167035668
tos-alisg-avt-0068/540c9044cb0ccdf44886def37c8fb454,jejak.bahlil,apalagi nyetir angkot sambil denger lagu MBG (Mas Bahlil Ganteng) mood banget ya kan 😚 #JejakBahlil #BahlilLahadalia #ESDM #Golkar #FromZeroToHero ,170,82,17556,4,17,8.987,suara asli - `unα𝘺,`unα𝘺,False,2026-05-26T08:28:41.000Z,https://www.tiktok.com/@jejak.bahlil/video/7644114569425620231
tos-alisg-avt-0068/5ffbd94d2889b51c1184ad1376c53cfe,th.rsyid,#duet dengan @Kein Moytod ,103,9,17500,45,22,15.929,suara asli - Kein Moytod,Kein Moytod,False,2026-05-25T06:25:53.000Z,https://www.tiktok.com/@th.rsyid/video/7643711825653320980
tos-alisg-avt-0068/af301011b27937ecb31eb5267fdf30f7,kevinn07734,DC baru lagi nih? gas cobain nih dcnya asik buat pr 🤙🏻  #velocityikane #velocity #danceterbaru #kevin07734 #trendingvideo,136,4,17472,2,23,15.581,suara asli - ohanth,ohanth,False,2026-06-04T03:21:35.000Z,https://www.tiktok.com/@kevinn07734/video/7647375161213357332
tos-alisg-avt-0068/a42e075c8323ae3a0da58f25578cb7ee,samosir472,"MBG , Lirik lagu lagi viral Mas Bahlil Guaanteng yang baru,#viral #trending #fyp #SmallAffiliate",155,83,17208,9,52,30.861,suara asli - sunsets,sunsets,False,2026-06-02T16:50:31.000Z,https://www.tiktok.com/@samosir472/video/7646841483710057748
tos-alisg-avt-0068/6bdee5f41520ae98fb9291a043bd9501,tere59070,#fypfyp ,210,2,17108,32,23,15.047,MBG (Mas Bahlil Ganteng),MAMAN FVNKY,False,2026-05-26T09:33:39.000Z,https://www.tiktok.com/@tere59070/video/7644131307194273042
tos-alisg-avt-0068/b1bd4bb37e0d3228f08a9c3e3798ea1e,kepalatokotiktok,MBG MAS ABIE GANTENG 😬🫣 @dindul  #fypシ #fouryoupage #kepalatokotiktok ,339,12,17046,12,18,15.0,Mbg Mas Bahlil Ganteng,MR EWIK,False,2026-06-04T04:07:10.000Z,https://www.tiktok.com/@kepalatokotiktok/video/7647386912428182791
tos-alisg-avt-0068/60f55163eafee0c2f6219ef08f63ece7,_mutiara708,Wkwkwkw😭🤏🏻 Ramein yaaaaaa😖 #masbahlilg4nteng  #masbahlilganteng  #bahlil #fypageシ♡  #bahlil ,134,37,17009,6,23,15.046,suara asli - Rendi_kiyy🌀,Rendi_kiyy🌀,False,2026-05-31T02:46:58.000Z,https://www.tiktok.com/@_mutiara708/video/7645881931388783892
tos-alisg-avt-0068/aa1045d33a44720278ddba0fe57b22f4,ziellgi,masih nuansa MBG mas bahlil ganteng 🙏😂😭😭😅 #fyp #bahlillahadalia #mbg #ngakak #lewatberanda ,191,23,16941,15,18,28.073,suara asli - 𝗘𝗿𝗶𝗰𝗸🔥𝘇𝗶𝗲𝗹𝗹,𝗘𝗿𝗶𝗰𝗸🔥𝘇𝗶𝗲𝗹𝗹,False,2026-06-01T16:38:30.000Z,https://www.tiktok.com/@ziellgi/video/7646467302224874772
tos-alisg-avt-0068/c189b0e9a0dc15261c9fa66fd330c624,updateinfosaja,MBG Mas Bahlil Ganteng😎 #mbgmasbahlilganteng #viraltiktok #laguviral ,81,17,16929,10,19,9.367,Origin sound: syafx00_,syafx00_,False,2026-05-28T03:13:44.000Z,https://www.tiktok.com/@updateinfosaja/video/7644775569644637461
tos-alisg-avt-0068/d5db079fcbf02e94ce4de8a24a625454,ojing_time,MBG (Mas Bahlil Ganteng)🥰 @RACH❤️‍🩹 @kurniarahma  #mbg #kemputsts #kurniarahma #adindarachel #ojingtogether @KemputSTS ,371,82,16893,5,74,33.1,suara asli - 𝕆𝕁𝕀ℕ𝔾_𝕋𝕀𝕄𝔼,𝕆𝕁𝕀ℕ𝔾_𝕋𝕀𝕄𝔼,False,2026-05-29T13:11:33.000Z,https://www.tiktok.com/@ojing_time/video/7645300733679537428
tos-alisg-avt-0068/eafc3a577260117fd4d481fa228b8d54,sha_.weath,MBG(MAS BAHLIL GANTENG)#Freeeditt #bahlol# #xybca,381,52,16795,38,126,24.8,suara asli - King  headshot 🥵,King  headshot 🥵,False,2026-05-24T11:54:50.000Z,https://www.tiktok.com/@sha_.weath/video/7643425533157526791
tos-alisg-avt-0068/c5cb7bb06bda1ea6ed05a498420a4ba4,sppg.nagarasari.2,"Mimin udh hafal nih lagunya 😭, cung siapa yg udh apal sama lagu ini ?😭😂 #mbg #makanbergizigratis #masukberanda #fypシ゚viral ",123,14,16732,20,34,15.44,suara asli - <  •_•  ><  •_•  >,<  •_•  ><  •_•  >,False,2026-05-27T14:23:43.000Z,https://www.tiktok.com/@sppg.nagarasari.2/video/7644577150883859719
tos-alisg-avt-0068/b7b8146e417b3085ff387369f59a7062,emicacing,Mbg bahlil  #bahlil #masbahlilganteng #mbgcore #lahat #fyp ,4056,15,16211,11,107,15.0,suara asli - 𝟙𝟠 𝔽𝕖𝕓𝕣𝕦𝕒𝕣𝕚,𝟙𝟠 𝔽𝕖𝕓𝕣𝕦𝕒𝕣𝕚,False,2026-05-31T08:52:45.000Z,https://www.tiktok.com/@emicacing/video/7645976181451558165
tos-useast2a-avt-0068-euttp/9a2622829d5b490ccfeddfa8e9918368,lopez.john817,MBG Mas Bahlil Ganteng #shorts -,130,6,16135,3,38,11.959,suara asli - Lopez John,Lopez John,False,2026-06-02T02:31:09.000Z,https://www.tiktok.com/@lopez.john817/video/7646620003004861718
tos-alisg-avt-0068/ba12c89456dfb8c9919c03ca2adca288,shntaness,It's sunday! #singing #bahlil #sawit #fyp #HIDUPJOKOWI @bandlab  cr: @vokaliz_netizen ,1524,151,16024,91,127,16.027,suara asli - Isāruu ε(>ᗜᴖ)っ,Isāruu ε(>ᗜᴖ)っ,False,2026-05-24T05:32:52.000Z,https://www.tiktok.com/@shntaness/video/7643327038610345236
tos-alisg-avt-0068/c2befbc5288411f60b4a89060006160d,haurynee_urfyzha0211,Tenang Briell.. Semesta Pun Gak Mendukung Kok 🤣🤣 Siapa Sih Yg Ciptakan Lagu Ini... #MBG #briellababysamson #fyp #viral #tiktokviral ,106,8,15730,5,6,10.101,suara asli - Haurynee02,Haurynee02,False,2026-05-25T16:08:50.000Z,https://www.tiktok.com/@haurynee_urfyzha0211/video/7643862055581256967
tos-alisg-avt-0068/740665d9df754a6d8500b040d5137d35,cemplukfamily,terngiang ngiang nih lagu #viral #videolucu #mainananak #trending #fyp ,115,5,15323,6,29,15.07,MBG (Mas Bahlil Ganteng),MAMAN FVNKY,False,2026-05-26T03:23:59.000Z,https://www.tiktok.com/@cemplukfamily/video/7644036046367313172
tos-alisg-avt-0068/9481d74e0a90bce49d9c5ca82810ebd9,suaraanetizen,Jangan dibenerin dulu plis 🤣 👉 Gimana menurut kamu? Tulis pendapatmu di kolom komentar! 👉 SHARE ke teman kamu biar makin banyak yang tahu! FOLLOW juga akun kami di :  Instagram : suaraanetizen_ TikTok : suaraanetizen YouTube : suaraanetizen Facebook (Fanpage) : suaranetizen  SnackVideo : suaraanetizen_ Biar nggak ketinggalan info viral & berita terbaru lainnya! #motor #mogok #ngakak #fyp ,158,94,15253,9,14,19.371,suara asli - Suara Netizen,Suara Netizen,False,2026-05-11T00:51:15.000Z,https://www.tiktok.com/@suaraanetizen/video/7638430320668314901
tos-alisg-avt-0068/f036ffce57ea373c953c861c945ba25a,koleksidanhobi,Boboiboy Reaction Lagu MBG👀🤭 #masbahlilganteng #bahlil #boboiboy #lagubahlil #fy ,291,40,15135,44,87,13.584,suara asli - Animation World,Animation World,False,2026-05-31T06:50:56.000Z,https://www.tiktok.com/@koleksidanhobi/video/7645944783562738951
tos-alisg-avt-0068/5b2c36df13a5cb99d23d73abd21b56c5,beritarandom99,"Jagat media sosial kembali diguncang fenomena unik yang bikin geleng-geleng kepala. Kali ini, sebuah lagu parodi bernada nyeleneh berjudul ""MBG Mas Bahlil Ganteng"" mendadak viral luar biasa hingga tercatat telah ditonton lebih dari 13 juta kali per Senin (25/5/2026) kemarin. Kehebohan ini kian menggemparkan dunia maya setelah content creator populer, Sania Leonardo, ikut mengunggah konten yang menggunakan sound tersebut hingga sukses meraup lebih dari 3,7 juta tanda suka.  Lewat ekspresi kocaknya, Sania ikut penasaran dan bertanya-tanya mengenai dalang asli di balik lagu berbasis kecerdasan buatan (AI) yang super ear-catching ini. ""Yang bikin lagu ini siapa sih?!"" tanya Sania Leonardo dalam videonya. Pertanyaan Sania pun langsung memantik rasa penasaran massal netizen. Selidik punya selidik, lagu yang awalnya dipopulerkan akun TikTok @vokaliz_netizen sejak akhir April lalu itu meracik komentar-komentar random netizen menjadi lirik jenaka.  Mulai dari pelesetan ""My little bolu ketan"" hingga ""Semenjak kakanda bilang matikan kompor"". Berkat andil Sania Leonardo yang menggaungkan keunikan tersebut, lagu ini sukses menjadi backsound andalan ribuan video meme kreatif netizen. #mbg  #masbahlilganteng  #bahlil  #bahlillahadalia  #fypシ ",61,20,14886,14,12,61.134,Kanda My little Bolu Ketan,VOKALIZ_NETIZEN,False,2026-05-28T12:26:05.000Z,https://www.tiktok.com/@beritarandom99/video/7644917906362453268
tos-maliva-avt-0068/140b5b6ffc002b7839e6ad88f6833a0e,pakedi_guruakrab,dapat MBG (Mas Bhalil Ganteng) #mbg #lagumbg #bahlil #lipsing #fypppppppppppppppppppp ,213,7,14875,13,17,13.4,Kanda My little Bolu Ketan,VOKALIZ_NETIZEN,False,2026-05-29T03:58:25.000Z,https://www.tiktok.com/@pakedi_guruakrab/video/7645158178082098439
tos-alisg-avt-0068/86c950fbd7bcd355a65ef8553d6e30b9,justgebyy,enakeun juga lagu MBG yang terbaru #fyp ,275,6,14309,13,48,16.0,Kanda My little Bolu Ketan,VOKALIZ_NETIZEN,False,2026-05-23T01:29:45.000Z,https://www.tiktok.com/@justgebyy/video/7642893349468392725
tos-alisg-avt-0068/d780626302f201a2f031fe4303f6fc5e,dwi759621,,84,8,14269,874,30,17.2,MBG (Mas Bahlil Ganteng),MAMAN FVNKY,False,2026-05-28T06:44:40.000Z,https://www.tiktok.com/@dwi759621/video/7644829929661566215
tos-maliva-avt-0068/7b283c3b0a50eb72b48f6b4b72c50431,ganevo.management,"Uda sumbar tambah ganteng aja ,bener gak?? #fyppppppppppppppppppppppp #foryoupage #proudtobeganers ",1263,207,14186,19,238,25.169,Mbg Mas Bahlil Ganteng,MR EWIK,False,2026-06-03T12:37:16.000Z,https://www.tiktok.com/@ganevo.management/video/7647147307653369106
tos-maliva-avt-0068/7391142605821575173,chayra_canternik,lagu MBG viral #funnyvideos #lucu #komedi ,111,7,13923,4,37,15.167,suara asli - chayra canternik,chayra canternik,False,2026-06-03T02:45:14.000Z,https://www.tiktok.com/@chayra_canternik/video/7646994709415578888
tos-alisg-avt-0068/852f99da29ccc415433bd617baa991b2,semuasayangdontol,buah apa yang paling manis? BUAHLIL🤭😋 #mbg #masbahlilganteng #buahlil #day1 #joget ,320,82,13790,115,20,13.634,suara asli - AdindaBahlil,AdindaBahlil,False,2026-05-25T10:00:59.000Z,https://www.tiktok.com/@semuasayangdontol/video/7643767257230806290
tos-alisg-avt-0068/02943ba775c83624f9d3033f0576c1c6,kompilasi.dance.v,DC MBG yang lagi viral!! MBG di daerah kalian enak gak.?? #soundviral #trend #fyp #mbg,69,5,13610,1,14,13.654,suara asli - Kompilasi Dance & Velocity🤘,Kompilasi Dance & Velocity🤘,False,2026-05-29T10:23:56.000Z,https://www.tiktok.com/@kompilasi.dance.v/video/7645257524651756807
tos-useast2a-avt-0068-giso/0723646c85f8f2cc78f46520aedc1e89,selvykitty96,terngiang2 laguuu MBG 😂,1226,23,13607,20,198,14.279,suara asli - Tawa satwa,Tawa satwa,False,2026-05-30T12:58:40.000Z,https://www.tiktok.com/@selvykitty96/video/7645668491621567764
tos-alisg-avt-0068/642530bb6a384b144ebcea3222040700,ranggalesmana82,Mon maaf ini urgensinya apa ya Bioskop Desa?? . Btw lagunya sangat mewakili netizen banget @VOKALIZ_NETIZEN ,535,49,13598,44,44,59.094,suara asli - Rangga 🤘,Rangga 🤘,False,2026-05-24T02:12:06.000Z,https://www.tiktok.com/@ranggalesmana82/video/7643275347995217159
tos-alisg-avt-0068/5b20948fcc5859d65733c6d517cb5557,billy.multazam.al.fatih,mbg mas Bahlil ganteng 🤣🤣🤣,59,5,13309,652,34,13.816,MBG (Mas Bahlil Ganteng),MAMAN FVNKY,False,2026-05-25T12:47:08.000Z,https://www.tiktok.com/@billy.multazam.al.fatih/video/7643810086162287880
tos-alisg-avt-0068/8837470589b1ef5a3aed83d8d55676f7,barzzzzhhaaa,"gimana menurut kalian🤔👀 Tak cuma LPG, peralihan impor juga terjadi untuk minyak mentah. Di mana pemerintah, kata Bahlil sudah mengalihkan impor ke Angola, Nigeria dan juga Afrika. Di sisi lain, sebelumnya Bahlil sempat mengatakan, bahwa kebutuhan produk BBM jadi (bensin) mulai banyak dipenuhi secara domestik melalui Kilang RDMP Balikpapan yang memproduksi 5,6 juta kiloliter bensin dan 4,5 juta kiloliter solar. ""Sekarang ini stok kita masih dalam taraf stok minimum nasional. Jadi Insya Allah clear,"" tegas Bahlil. #bahlil #gaslpg #beritaviral #barzz_news #fypシ゚ ",312,28,13293,3,29,17.88,suara asli - Mao'neverdie ft 𝐒𝐏,Mao'neverdie ft 𝐒𝐏,False,2026-04-07T03:57:06.000Z,https://www.tiktok.com/@barzzzzhhaaa/video/7625861383346851092
tos-alisg-avt-0068/0791dec9b44abfff072ed2ad2233edf4,wik1293,#mbg mas bahlil ganteng #foryou #bissmillahfyp #fyp ,66,33,13176,6,9,15.034,suara asli - Ig:ndim926,Ig:ndim926,False,2026-05-27T16:23:30.000Z,https://www.tiktok.com/@wik1293/video/7644607996043037959
tos-maliva-avt-0068/a2fe260fd15958ece39f1fdd7251426d,euisazka79,MBG Mas Bahlil Ganteng 🤣#soundviral #vurall #fyp @azkalkhairan ,175,21,13174,5,8,15.0,Kanda My little Bolu Ketan,VOKALIZ_NETIZEN,False,2026-05-31T12:59:32.000Z,https://www.tiktok.com/@euisazka79/video/7646039795336006919
tos-maliva-avt-0068/8fe7df465aa5be01bb74f6b14ba8431f,suarareceh.mp3,mas bahlil super ganteng😎 #mbg #bahlil ,106,24,13055,11,31,15.0,Mbg Mas Bahlil Ganteng,MR EWIK,False,2026-06-03T13:07:14.000Z,https://www.tiktok.com/@suarareceh.mp3/video/7647155011343961366
tos-alisg-avt-0068/0a6ff1b46b7d69057d1c98a7f08aec39,ineke.hakim,Pov pov pov 😁😁😁#mbgcore #pakbahlil😋 #masbahlil #kandabahlil ,88,0,12932,3,6,18.019,suara asli - ineke.hakim,ineke.hakim,False,2026-05-29T00:59:58.000Z,https://www.tiktok.com/@ineke.hakim/video/7645112124871675152
tos-maliva-avt-0068/d1e8c83f833bcb22191771ca4b1fcc9b,risolmayo149,secandu itu lagunya😭🙏🏻🙏🏻,337,76,12552,2,4,15.069,Mbg Mas Bahlil Ganteng,MR EWIK,False,2026-06-03T16:00:45.000Z,https://www.tiktok.com/@risolmayo149/video/7647199749514349845
tos-alisg-avt-0068/0f335fb8ace908b441c7a6c585d45eba,s.y_lyrics8,Kanda me little bolu ketan ll musik 🎶🎧 #lyricsvideo #song by vokaliz netisen #s.y_lyrics #fyppppppppp ,134,10,12532,4,20,31.5,suara asli - s.y_lyrics,s.y_lyrics,False,2026-05-28T13:04:40.000Z,https://www.tiktok.com/@s.y_lyrics8/video/7644927873438125332
tos-alisg-avt-0068/0c5fdde2feb275cc792ce4c13f79993a,libragurls________,,1232,39,12443,21,81,12.967,suara asli - ARIFIN_SVENSTAR🌬️,ARIFIN_SVENSTAR🌬️,False,2026-06-04T12:31:18.000Z,https://www.tiktok.com/@libragurls________/video/7647516861520743701
tos-alisg-avt-0068/837d0f0b922ac664bc06b470881559cf,ingfosmua_,"PARODI LAGU ""MBG MAS BAHLIL GANTENG"" VERSI EKS KEPALA BGN DADAN HINDAYANA! MASUK BUI GUE🎤🚨🕋 Sobat Ingfo, Berikut pelesetan lagu sholawat viral ""MBG (Makan Bergizi Gratis) Mas Bahlil Ganteng"" menjadi versi nasib apes sang mantan pejabat: ""Masuk Bui Gue""! Lirik Parodi Viral ""Masuk Bui Gue"": ""MBG... Masuk Bui Gue~ Baru pulang haji, baju dinas diganti~ MBG... Masuk Bui Gue~ Rompi pink keramat, nempel di badan ini~ Dulu sibuk gaya, wacana ke Arab Saudi... Eh sekarang malah, diseret ke Jaksa Agung RI... Mengunyah sebelum menelan, katanya paling jago... Sekarang tersedak, nangis di dalam sel rutan, bro!"" Catatan @INGFOSMUA: Sarkasme lewat lagu ini adalah cara rakyat merayakan runtuhnya dinasti pejabat yang dinilai gagal mengemban amanah. Mengurus anggaran gizi triliunan rupiah kok malah berakhir dengan pamer rompi keramat di depan kamera. Istilah MBG resmi berganti arti di tangan netizen menjadi ""Masuk Bui Gue"". Selamat menikmati fasilitas rutan ya, pak! ⚖️🧼 Pantengin terus @INGFOSMUA biar kalian gak ketinggalan tren viral dan gosip politik paling panas! 🔔🔥 Gimana Sobat Ingfo, udah lewat di FYP kalian belum? Tulis tanggapan kalian di kolom komentar! 👇💬 #viral  #dadanhindayana  #korupsi  #badangizinasional  #mbg ",127,70,11853,15,22,36.478,suara asli - ingfo smua,ingfo smua,False,2026-06-03T16:23:55.000Z,https://www.tiktok.com/@ingfosmua_/video/7647205716893158676
tos-alisg-avt-0068/cc2a5b84908f530a68beb5057a8bd8f7,lento.lento,MBG X Dance Brazil #mbg #mbgmasbahlilganteng #trend #dancechallenge #dancebrazil🇧🇷 #dance #dancetiktok #tiktok #dancetutorial #tutorial #foryou #foryoupage #fyp ,149,13,11780,12,20,13.885,Kanda My little Bolu Ketan,VOKALIZ_NETIZEN,False,2026-06-04T05:15:23.000Z,https://www.tiktok.com/@lento.lento/video/7647404519327829256
tos-maliva-avt-0068/d1cd31d6f4ba9bf57fcfd14a9c9053a1,melati.sesilia,MBG PART 2 @MamiAya ,2071,57,11750,13,198,9.403,Kanda My little Bolu Ketan,VOKALIZ_NETIZEN,False,2026-06-04T10:43:44.000Z,https://www.tiktok.com/@melati.sesilia/video/7647489139432000789
tos-alisg-avt-0068/be33e1612e6d024879795fdb682be86f,akuriza1872,mbg mas Bahlil ganteng 🤭🤭🥰 #fypfyypシ ,62,10,11696,175,11,14.676,suara asli - Akuriza,Akuriza,False,2026-05-30T09:59:05.000Z,https://www.tiktok.com/@akuriza1872/video/7645622187100998919
tos-alisg-avt-0068/b6469f455b609569d50c028b9ae60123,nauratisabina,Terngiang ngiang sama lagunya 😅 #mbgmasbahlilganteng #dance #lagutrending #fyp ,72,6,11693,8,15,15.034,suara asli - BERDIKARI 11.02,BERDIKARI 11.02,False,2026-05-30T12:41:03.000Z,https://www.tiktok.com/@nauratisabina/video/7645663805288041729
tos-alisg-avt-0068/f23602bd91def88bfd0b9b76e7173f8a,macaagemeterrr,bahlil🗿,306,55,11691,12,13,15.349,Mbg Mas Bahlil Ganteng,MR EWIK,False,2026-06-03T06:17:00.000Z,https://www.tiktok.com/@macaagemeterrr/video/7647049315919072519
tos-alisg-avt-0068/2827fd28e0a1a58f8c125c4ce0b54418,bintang_jayaaa,#bahlil #masbahlilganteng #fypシ #fyppppppppppppppppppppppp #kontenemas ,95,14,11681,4,7,13.374,Kanda My little Bolu Ketan,VOKALIZ_NETIZEN,False,2026-06-01T07:26:30.000Z,https://www.tiktok.com/@bintang_jayaaa/video/7646325047493201173
tos-alisg-avt-0068/96304442a7a4f47f0208621acd006ede,lidahnetizzen,Kepala dan Wakil Kepala Badan Gizi Nasional Jadi Tersangka dan Ditahan Terkait Kasus Korupsi Tata Kelola MBG #mbg #bgn ,696,48,11550,93,55,116.9,suara asli - Lidah Netizen,Lidah Netizen,False,2026-06-04T08:56:31.000Z,https://www.tiktok.com/@lidahnetizzen/video/7647461482237660436
tos-alisg-avt-0068/5e814225d32256abe5d85296617dcfeb,riffdraa,candu banget lagu mbg #fyp #trending #viral #dance #mbg ,145,12,11537,12,47,14.676,suara asli - riffdraa,riffdraa,False,2026-05-26T23:02:50.000Z,https://www.tiktok.com/@riffdraa/video/7644339827999100178
tos-alisg-avt-0068/81148940992b09b935e296deb54af03d,harabi.daily,MBG Mas Bahlil Ganteng #harabidaily #viraltiktok #viralvideos ,120,3,11408,9,24,14.211,suara asli - HaRaBi Daily,HaRaBi Daily,False,2026-05-31T11:26:26.000Z,https://www.tiktok.com/@harabi.daily/video/7646015798745632007
tos-alisg-avt-0068/2c85258cd8857a3eaaa033a06e024ec6,trentiktok124,(MBG)Mas Bahlil ganteng X brazil nih.  #dcterbaru2026#dcterbaru#dcbrazil🇧🇷#foryoupage#foryou ,57,3,11385,4,12,14.867,Mbg Mas Bahlil Ganteng,MR EWIK,False,2026-06-02T23:23:16.000Z,https://www.tiktok.com/@trentiktok124/video/7646942667737156885
tos-useast2a-avt-0068-giso/58f066246d4036ac590469cb8f332c97,satriafurqann,"Jangan ya dek, kami mau tidur wkwk #dokter #justforfun ",471,23,11379,60,26,15.0,suara asli - Musik'82,Musik'82,False,2026-06-04T04:58:39.000Z,https://www.tiktok.com/@satriafurqann/video/7647400189795290389
tos-maliva-avt-0068/a57c925d40e9cb816d7d6b9c5f245c9f,ramawiweka05,,531,170,10960,17,4,15.0,Mbg Mas Bahlil Ganteng,MR EWIK,False,2026-06-04T03:10:38.000Z,https://www.tiktok.com/@ramawiweka05/video/7647372366946782472
tos-alisg-avt-0068/cfb028b8beab0503e02c5f19194a2f53,evica.riyan,#jagaindonesia ,396,14,10941,54,30,85.329,suara asli - Evica Riyan,Evica Riyan,False,2026-04-07T02:04:05.000Z,https://www.tiktok.com/@evica.riyan/video/7625832243453234453
tos-alisg-avt-0068/68ed1583810b30f9bc7361a2f146f136,unidewi911,#duet dengan @An Inlander #bahlil #fy ,127,2,10936,0,9,26.309,Kanda My little Bolu Ketan,VOKALIZ_NETIZEN,False,2026-06-02T05:14:37.000Z,https://www.tiktok.com/@unidewi911/video/7646662152555695381
tos-alisg-avt-0068/8e55b84fce2f26526d27a17477c9a6d5,fens_berat_azka_fadillah,bauat lagu mbg persi azka fadilah 😅 @azkafadhillah04 @azkafadhillah04new  @Azka Fadhillah04 @sophiamua1  maaf ya gak terlalu bagus suaranya,587,61,10679,29,65,13.734,suara asli - atlet makan  jengkol 🙊,atlet makan  jengkol 🙊,False,2026-06-03T06:53:41.000Z,https://www.tiktok.com/@fens_berat_azka_fadillah/video/7647058565160553744
tos-alisg-avt-0068/129aef4124a9fc53b8a5c3d8b4511619,juannono07,#mbg ( MAS BAYU GANTENG ) 🤤,477,107,10592,31,16,15.0,Mbg Mas Bahlil Ganteng,MR EWIK,False,2026-06-03T10:10:03.000Z,https://www.tiktok.com/@juannono07/video/7647109373860252936
tos-alisg-avt-0068/5350948770b89fb325d7bbb88e9ce430,k_gea22,MBG #Meme #MemeCut #bahlil ,43,24,10458,1,8,20.015,suara asli - Heni G12,Heni G12,False,2026-05-31T01:18:41.000Z,https://www.tiktok.com/@k_gea22/video/7645859163314162965
tos-alisg-avt-0068/06aed213bfa71eba66f5651d03abe3f0,ilovehksomuch,@𝓢'elena moga ramee #🇧🇷 #fyp #viral ,687,33,10399,59,27,11.702,suara asli - Артур,Артур,False,2026-06-04T04:14:26.000Z,https://www.tiktok.com/@ilovehksomuch/video/7647388801077284117
tos-maliva-avt-0068/7328064923416674309,lagudanquote,#CapCut #kandamylittleboluketan #vokaliznetizen #mbg #bahlil ,176,17,10319,1,34,43.434,suara asli - AdindaBahlil,AdindaBahlil,False,2026-05-28T04:56:02.000Z,https://www.tiktok.com/@lagudanquote/video/7644801935320616212
tos-alisg-avt-0068/b04733db4f45f1c2c0cc83450316d31c,sppg.grabahan,"Konten Special for menu MBG hari ini, hayooo absen yg udah hafal lagunyaa😝🫶🏻🥰 #sppggrabahan #makanbergizigratis #mbg #foryoupage #fypシ ",86,21,10088,13,7,13.414,"suara asli - Rayvenn, n nya dua","Rayvenn, n nya dua",False,2026-06-02T02:14:48.000Z,https://www.tiktok.com/@sppg.grabahan/video/7646615811557461269
tos-maliva-avt-0068/27ef82701bf3666550e57423772c3f84,rival_at,Iziinn @VOKALIZ_NETIZEN 🫸😭 lagunya enak buat diputer langsung pake speaker sekolah 😭😭😭 auto nyanyi bareng pas mereka denger lagu ini 🤣,452,84,9690,18,10,30.867,suara asli - Rival | Creative Design Studio,Rival | Creative Design Studio,False,2026-05-27T11:38:54.000Z,https://www.tiktok.com/@rival_at/video/7644534680972234005
tos-alisg-avt-0068/c80533caf547429d08fbbded0265cb4e,umbuflow,Mas Bahlil Ganteng Kembali Guncang Dunia AI #mbg #masbahlilganteng #umbunoz ,85,5,9679,2,6,20.467,suara asli - umbunoz,umbunoz,False,2026-06-01T09:11:07.000Z,https://www.tiktok.com/@umbuflow/video/7646351999683824917
tos-alisg-avt-0068/f557448f91dc3b9bb5f27cb90c5d23a3,rizzputt30,buah apa?? #buahlil #mbg #brasil ,356,45,9522,22,28,14.837,Mbg Mas Bahlil Ganteng,MR EWIK,False,2026-06-04T08:02:54.000Z,https://www.tiktok.com/@rizzputt30/video/7647447683161935125
tos-alisg-avt-0068/680e42caaf9e3ce148ecd9a0a8cd7b60,nursyakira0311,"MBG adalah singkatan dari Makan Bergizi Gratis, sebuah program nasional Presiden Prabowo Subianto #mbg #makanbergizigratis #laguaceh ",58,48,9199,4,25,152.734,suara asli - Nur Syakira,Nur Syakira,False,2026-04-10T11:36:23.000Z,https://www.tiktok.com/@nursyakira0311/video/7627093015756115207
tos-alisg-avt-0068/71d753d14ca4d46609a6c0178cafb61f,spotsulsel,"Nama Bahlil Lahadalia kembali menjadi sorotan publik. Selain karena kebijakannya sebagai Menteri ESDM yang berkaitan dengan sektor energi, pertambangan, dan hilirisasi, Bahlil juga ramai diperbincangkan di media sosial berkat fenomena lagu viral “MBG (Mas Bahlil Ganteng)” yang menyebar luas di TikTok dan berbagai platform digital. Viralitas tersebut membuat namanya semakin sering muncul dalam perbincangan masyarakat, baik karena kebijakan maupun fenomena budaya digital yang mengiringinya.   https://otoritas.co.id/lagu-mbg-mas-bahlil-ganteng-viral-di-media-sosial-ini-asal-usul-dan-alasan-lagu-tersebut-dibuat/",93,0,8761,1,4,17.669,Kanda My little Bolu Ketan,VOKALIZ_NETIZEN,False,2026-06-03T01:12:56.000Z,https://www.tiktok.com/@spotsulsel/video/7646970947597012232
tos-alisg-avt-0068/9eca5416ff0d087bdfe46b3fb38294a7,random.gvrly,mbg (⁠づ⁠￣⁠ ⁠³⁠￣⁠)⁠づ Bahlil ganteng 😭 #mbg #trend #bahlil #fyp #tobrutstyle😋 ,255,69,8652,13,96,15.001,Mbg Mas Bahlil Ganteng,MR EWIK,False,2026-06-02T13:13:45.000Z,https://www.tiktok.com/@random.gvrly/video/7646785614779665682
tos-alisg-avt-0068/498b1aae7781f0bd77ab8955cb3fac15,yuinahalisa_lisa,Trend apa lagi nih? Tag yah,285,9,8613,16,23,15.046,suara asli - Gordinho Bolado,Gordinho Bolado,False,2026-06-04T06:30:50.000Z,https://www.tiktok.com/@yuinahalisa_lisa/video/7647423947151133973
tos-alisg-avt-0068/3a6bff22680d9455cda7fde7ce11a62f,sielwan_,Membalas @lukman.nurja jangan harap km ya bisa tenang kita bawa pasukan nih cahaya butek tenang aja aa @lukman.nurja ada kita @Panji_kurkur @Yudhy Goldyen @PISPASS🦄 ,371,26,8534,46,79,92.2,Kanda My little Bolu Ketan,VOKALIZ_NETIZEN,False,2026-06-04T11:04:30.000Z,https://www.tiktok.com/@sielwan_/video/7647494475991993621
tos-alisg-avt-0068/315021f93ba66b2675734396bbe51f15,caca72847,Mbg😭😂#masbahlilganteng #fyp ,319,7,8511,7,24,15.0,Kanda My little Bolu Ketan,VOKALIZ_NETIZEN,False,2026-06-03T13:32:15.000Z,https://www.tiktok.com/@caca72847/video/7647161474573454600
tos-alisg-avt-0068/3e6f8b4d07cd6cd8df139f61ee092f02,papaziowowor,"MBG ""Masuk Bui Gue"" #bgn  #mbg  #dadan  #trending  #fyp ",123,81,8394,18,14,14.9,suara asli - Papa Zio,Papa Zio,False,2026-06-04T02:46:18.000Z,https://www.tiktok.com/@papaziowowor/video/7647366091743792391
tos-alisg-avt-0068/7326301411841409045,jurnalgaya,"Nama Sarwendah ramai diperbincangkan usai potongan video live streaming-nya viral di media sosial.  Dalam siaran tersebut, ia terlihat emosi saat menanggapi komentar netizen terkait isu nafkah pasca perceraiannya dengan Ruben Onsu. Di tengah polemik yang berkembang, Ruben Onsu mengunggah pesan di Threads: ""Jika ada rezekiku yang pernah kau nikmati dan ada kebaikanku yang pernah membantumu dan itu dilupakan tidak apa-apa... Semoga bisa mengingatnya dan menjaga lisannya."" Unggahan tersebut memicu beragam tanggapan dari warganet, meski belum ada kepastian bahwa pesan itu ditujukan kepada pihak tertentu.",44,6,8282,1,3,8.734,suara asli - Jurnal Gaya,Jurnal Gaya,False,2026-06-04T11:53:52.000Z,https://www.tiktok.com/@jurnalgaya/video/7647507216278293780
tos-alisg-avt-0068/c03894bbea15b9fd238b8c1fa642f68f,freyacantik99,MBG - Mas Buahliilll ganteeng #masbahlilganteng #mbgmasbahlilganteng #mylittleboluketan #fyp #bahlil ,190,21,8249,6,31,13.8,Kanda My little Bolu Ketan,VOKALIZ_NETIZEN,False,2026-05-28T02:01:31.000Z,https://www.tiktok.com/@freyacantik99/video/7644756954723781896
tos-alisg-avt-0068/c3e7d748f428c13efc935e04ca6a73f0,jacobmr.1984,Replying to @anjasmaramara15 Good 🤩🦞💪🏼 #viralvideo #indonesia #mbg #masbahlilganteng ,301,2,8144,36,16,35.202,Mbg Mas Bahlil Ganteng,MR EWIK,False,2026-06-03T13:48:09.000Z,https://www.tiktok.com/@jacobmr.1984/video/7647165573675175186
tos-alisg-avt-0068/dae57bdbd3b00b9a7c8cbabebe405a4d,kaji_shimon,🔊🎶lagu MBG mas bahluilll ganteng bikin candu 🎧😜@Reva Wijaya🎗️@DJ TANTI REAL @imeliaa_ag25@eveecahaya🐾  #viralvideo #djtanti  #dencer  #lagumbg #revawijayaa ,108,15,8072,8,16,33.484,suara asli - BERDIKARI 11.02,BERDIKARI 11.02,False,2026-05-30T16:46:09.000Z,https://www.tiktok.com/@kaji_shimon/video/7645727107040939285
tos-alisg-avt-0068/7aa088652284f271f2848a48935f0f8b,muyya.beauty,trend BUAHLIL 😭 #bahlilganteng #makeuptransisi ,120,3,8060,13,8,15.467,Kanda My little Bolu Ketan,VOKALIZ_NETIZEN,False,2026-05-26T07:42:16.000Z,https://www.tiktok.com/@muyya.beauty/video/7644102598663884052
tos-alisg-avt-0068/d94e998688fa376fa85e735f9c6ddea2,princesella,"MBG, mas bahlil ganteng 😘💜 #tren #freefire #trendff #trend  #creatorsearchinsights  ^TAG^ [trend freefire, trend epep mbg mas bahlil ganteng, tren ff terbaru, trending]",84,9,8018,16,12,15.1,Mbg Mas Bahlil Ganteng,MR EWIK,False,2026-06-04T06:00:54.000Z,https://www.tiktok.com/@princesella/video/7647415953050914049
tos-alisg-avt-0068/63c54542337bfd5f7152626c4125e7da,sppg.kencana.kayumanis,Mas Bahlil Ganteng🥰  #masbahlilganteng #mbg #fun #fyp #komedi ,94,12,8002,20,10,17.4,Mbg Mas Bahlil Ganteng,Libbie Cupps,False,2026-05-26T07:20:49.000Z,https://www.tiktok.com/@sppg.kencana.kayumanis/video/7644097077152271624
tos-alisg-avt-0068/cf75ff19008188c2bacd30ac806caa24,mellsikecill,#nerimafblb✅ #lbnewpost #mootstiktokhariini #lb1menityanglalu #elbie ,689,12,7955,4072,27,27.88,suara asli - 🥷,🥷,False,2026-06-03T23:22:55.000Z,https://www.tiktok.com/@mellsikecill/video/7647313688701062418
tos-alisg-avt-0068/6e3adf8e1a566d8c528417daeebae308,p__api_api,#streak #mbg #masbahlilganteng #bahlillahadalia #fyp ,56,822,7882,1,4,14.2,suara asli - f,f,False,2026-05-25T12:14:40.000Z,https://www.tiktok.com/@p__api_api/video/7643801729506495762
tos-alisg-avt-0068/4c115038cac06c6ad5efa0984e57e915,tisya_txx,Mbg #bahlil#mbg#boluketan#fyp#filter,36,5,7876,2,9,15.893,MBG (Mas Bahlil Ganteng),MAMAN FVNKY,False,2026-05-28T06:57:52.000Z,https://www.tiktok.com/@tisya_txx/video/7644833331015683349
tos-alisg-avt-0068/de6bf412426db1481986104c171b5309,barawibawa1204,kujang men turr😭😭,351,292,7857,36,6,27.4,Mbg Mas Bahlil Ganteng,MR EWIK,False,2026-06-04T03:55:09.000Z,https://www.tiktok.com/@barawibawa1204/video/7647383835193134357
tos-alisg-avt-0068/a125742f090cf39f6c6489d11cb66cb1,classnineh_2526,Enakkk giniii si aa #foryoupage ,102,8,7753,1,8,22.667,MBG (Mas Bahlil Ganteng),MAMAN FVNKY,False,2026-05-28T02:28:15.000Z,https://www.tiktok.com/@classnineh_2526/video/7644763839317249301
tos-alisg-avt-0068/d1dcd9ffebd143e775b3e3a9f563a958,ucangarfaramadhani,mbg mas bahlil.goanteng🤣😅 #mbg #bahlil #zakiah7315 #remix ,30,21,7723,2,5,24.834,suara asli - UcangAR,UcangAR,False,2026-05-25T18:57:09.000Z,https://www.tiktok.com/@ucangarfaramadhani/video/7643905431642885396
tos-alisg-avt-0068/5bbab5062ed808a2048d528fcf8af771,vivitamind_,Adanya lalat😭😭,2284,71,7703,20,121,11.702,suara asli - CHIBA 𐔌՞. .՞𐦯,CHIBA 𐔌՞. .՞𐦯,False,2026-06-04T05:14:10.000Z,https://www.tiktok.com/@vivitamind_/video/7647404196634889492
tos-alisg-avt-0068/66aa7b4ad772894b2b01e89ab0a256db,seoulology00,MBG 😌  #mbg #fyp #idol #trend #loudi ,808,19,7632,50,29,13.606,Kanda My little Bolu Ketan,VOKALIZ_NETIZEN,False,2026-06-04T09:44:18.000Z,https://www.tiktok.com/@seoulology00/video/7647473792675106068
tos-alisg-avt-0068/4330e50c6537621692c7eb3be8a3ed26,abah_yan_,MBG ,183,9,7509,32,21,15.046,Mbg Mas Bahlil Ganteng,MR EWIK,False,2026-06-01T02:24:42.000Z,https://www.tiktok.com/@abah_yan_/video/7646247273319370004
tos-alisg-avt-0068/9fe38d96294d776840725ffcae13e199,galihvisual,chaped caca omped join mbg bahlil #omped_visual ,84,4,7491,12,11,15.067,suara asli - Galih Visual,Galih Visual,False,2026-06-03T23:30:46.000Z,https://www.tiktok.com/@galihvisual/video/7647224692851526933
tos-alisg-avt-0068/a447f990aadffb5c4f6e5df426a98ab8,kominforma,"Pemerintah, melalui Menteri Koordinator Bidang Perekonomian, Airlangga Hartarto, menegaskan bahwa harga bahan bakar minyak (BBM) bersubsidi tetap stabil hingga akhir tahun. Hal ini disampaikan sebagai bagian dari kebijakan menjaga kondisi ekonomi nasional. #bbm #pertalite #solar #menkoperekonomian #airlanggahartarto ",39,9,7453,1,5,53.067,suara asli - KOMINFORMA,KOMINFORMA,False,2026-04-06T14:16:02.000Z,https://www.tiktok.com/@kominforma/video/7625649815602400520
tos-alisg-avt-0068/0c686aaa09deac899283586fe9b2eb05,arjun_ggfx,Silahkan MBG nya mas @gibran_rakabuming #mbg #bahlil #motiongraphics ,342,101,7394,21,34,15.001,suara asli - FrainzLyrics,FrainzLyrics,False,2026-06-04T04:00:21.000Z,https://www.tiktok.com/@arjun_ggfx/video/7647358730723396885
tos-alisg-avt-0068/b404933e2be535f8672f8be1044fc368,ahmad_boge,"Mentang Mentang Yang Kemarin Bahlil Viral, Ada Lagi Lagu Beginian.. #bahlillahadalia #suaranetizen #vokaliznetizen #indonesia #indonesia🇮🇩 ",51,14,7376,2,9,27.834,suara asli - ahmadboge,ahmadboge,False,2026-05-31T08:00:52.000Z,https://www.tiktok.com/@ahmad_boge/video/7645962826208546069
tos-alisg-avt-0068/1ae56aeda07bcdbf4db30c56aaba20d9,miebalapgentayangan,Hahahaha makanya jangan kasbon ya😂😂 #jajanankesawan #promomakangajian #tiktokgogempar #promomakanharian ,74,5,7374,2,3,14.134,suara asli - Noah,Noah,False,2026-05-15T15:19:18.000Z,https://www.tiktok.com/@miebalapgentayangan/video/7640138458584845586
tos-alisg-avt-0068/66d7b9aceb8bea3220b396fde0f286fc,cokocip739,Mbg mas buah gemoy #mbg #laguanak #tontonananak #hiburananak #trending ,83,6,7250,9,15,34.209,suara asli - PMan,PMan,False,2026-06-01T00:42:35.000Z,https://www.tiktok.com/@cokocip739/video/7646220964287515924
tos-alisg-avt-0068/ef4bbe1f8163c466c11833c8238aa54e,kontenkreator0011,#nerimalb #lb1menityanglalu #moots1menit #nerimalbfb✅ #lbnewpost? ,683,20,7241,312,28,15.36,suara asli - ^Nayah 🖇❄🐬,^Nayah 🖇❄🐬,False,2026-06-04T03:25:34.000Z,https://www.tiktok.com/@kontenkreator0011/video/7647376200947518738
tos-alisg-avt-0068/dcdfdff77cdecf3092baf6090fb0616b,mpn_indonesia,"Masih dalam pengaruh obat bius, seorang wanita mengunggah momen lucu dirinya usai menjalani tindakan medis. Dalam video yang beredar, wanita tersebut terlihat menyanyikan lagu MBG dengan lirik ""Mas Bahlil Ganteng"" sambil masih berada dalam kondisi setengah sadar. Momen tersebut langsung menarik perhatian warganet dan menuai beragam komentar. Banyak yang menilai lagu tersebut begitu melekat hingga masih teringat dan terbawa bahkan saat dirinya masih berada di bawah pengaruh obat bius. #MBG #bahlil #momenlucu #mpnindonesia Sumber Video: Tiktok/@Annisa ",74,13,7152,8,4,18.9,Kanda My little Bolu Ketan,VOKALIZ_NETIZEN,False,2026-06-03T09:52:47.000Z,https://www.tiktok.com/@mpn_indonesia/video/7647104912278506760
tos-alisg-avt-0068/7746230c30967d97af3ce544ebca0202,risheraizell,mbg mas bahlil ganteng #fyp #foryoupage #trendingsong #4u #masukberanda ,73,6,7017,15,16,15.604,Kanda My little Bolu Ketan,VOKALIZ_NETIZEN,False,2026-06-03T10:27:16.000Z,https://www.tiktok.com/@risheraizell/video/7647113799954140423
tos-maliva-avt-0068/4196856a859234b204dd366f437f86be,manbro128,MBG (Mas Bahlil Ganteng) 3:4 😎 #template #mbg #masbahlilganteng #CapCut ,68,39,6976,13,9,15.734,suara asli - FrainzLyrics,FrainzLyrics,False,2026-05-30T07:22:19.000Z,https://www.tiktok.com/@manbro128/video/7645581798759484693
tos-alisg-avt-0068/70df60d96ffc79562b5d9b37da0c59a1,andikadwi_editz3,"SB 🤧🥀: penjelasan 👇👇👇 Menteri ESDM Bahlil Lahadalia tengah mencari pencipta lagu viral ""MBG"" (Mas Bahlil Ganteng) karena ia merasa penasaran dan terhibur dengan karya tersebut. Ia meminta bantuan Raffi Ahmad untuk melacak kreatornya dan ingin memberikan apresiasi dengan mengundang sang pembuat lagu untuk makan bersama.  Mengenai penciptaan lagu tersebut, berikut adalah beberapa fakta utamanya: Sosok Kreator: Lagu parodi ini dibuat oleh akun media sosial (termasuk TikTok) seperti @vokalist_netizen, yang dikenal sering merangkai komentar-komentar lucu warganet menggunakan bantuan teknologi AI.  Asal Usul Lirik: Lirik ""Mas Bahlil Ganteng"" yang ada di lagu tersebut merupakan kompilasi dari komentar-komentar kocak netizen di postingan yang membahas Bahlil Lahadalia. Reaksi Bahlil: Bahlil sendiri menanggapi lagu ini secara positif dan santai. Ia bahkan mengaku sering digoda oleh anak-anaknya yang menyanyikan lagu tersebut di rumah.#lewatberanda #bahlil #sda #beritaviral #billionviews ",127,96,6839,31,13,19.9,suara asli - 𝐃𝐖𝐈_𝐇𝐈𝐒𝐓𝐎𝐑𝐘™,𝐃𝐖𝐈_𝐇𝐈𝐒𝐓𝐎𝐑𝐘™,False,2026-06-02T13:06:42.000Z,https://www.tiktok.com/@andikadwi_editz3/video/7646783768509844757
tos-alisg-avt-0068/97873a298c460669912da6a41e8a390e,catlovers.band,"MY LITTLE BOLU KETAN COVER (Part 2)  @vokaliz_netizen  ​[Bridge] Apa itu harta, tahta, baskara? Aku tim harta, tahta, Kakanda! Sayang, Benci dan cinta itu beda tipis ​[Chorus] MBG... Mas Bahlil Ganteng... Buah apa yang paling manis? Buahlil... Tambah ganteng aja, My Little Bolu Ketan MBG... Mas Bahlil Ganteng... Buah apa yang paling manis? Buahlil... Tambah ganteng aja, My Little Bolu Ketan ​[Outro] Tambah ganteng aja... My Little Bolu Ketan... #MyLittleBoluKetan #Buahlil #MBG #VokalizNetizen #CatLoversBand",57,14,6763,9,18,86.0,suara asli - Cat Lovers Band,Cat Lovers Band,False,2026-05-24T11:39:22.000Z,https://www.tiktok.com/@catlovers.band/video/7643421539097906452
tos-alisg-avt-0068/81a76a89c0a4271f4340feaaca8cf9fe,maul097,#mbg #sticker #komentar #bahlil #masbahlilganteng ,48,3,6615,224,11,15.5,Mbg Mas Bahlil Ganteng,Libbie Cupps,False,2026-06-02T07:29:56.000Z,https://www.tiktok.com/@maul097/video/7646697010049076501
tos-alisg-avt-0068/5b3fe494fe6110410e822fc15768cb48,aura_lyric01,Kanda me little bolu ketan... | Lyric || 🙌🎧🎶 | Song by vokaliz netisen . . . . . . . . . . . . . . . . . . . . . . . #lyrics #foryou #fyp #vokaliznetizen #auralyric ,109,9,6584,3,30,38.104,MBG (Mas Bahlil Ganteng),MAMAN FVNKY,False,2026-05-27T10:40:55.000Z,https://www.tiktok.com/@aura_lyric01/video/7644519738311281927
tos-alisg-avt-0068/3a22e3884605f6597af71b3b0c5a1cba,halunikkk,Bahlil mengundang pencipta lagu MBG MAs bahlil ganteng #fyp #viral #beritaterkini #halunik #shots ,66,3,6406,6,9,56.034,suara asli - HAL UNIK,HAL UNIK,False,2026-06-02T09:57:35.000Z,https://www.tiktok.com/@halunikkk/video/7646735030739389714
tos-alisg-avt-0068/ea1f10331e81b547010f4d10517077bd,vortexelitee,mbg mas bahlil ganteng😭😭  #fypppppppppppppp #foryoupage #memberelit #lewatberanda #fypage ,79,44,6312,9,9,15.14,suara asli - SARTIKA,SARTIKA,False,2026-06-02T09:37:48.000Z,https://www.tiktok.com/@vortexelitee/video/7646729974451326228
tos-alisg-avt-0068/8d1bbaf09d2011c06f2488d2322ba1ca,lalalisa_895,mbg mas bahlil ganteng #trendtiktok2026 #dancetiktok 2026 #trend 2026 #fyp #tiktoktrend ,48,5,6264,3,14,14.884,suara asli - 𝟙𝟠 𝔽𝕖𝕓𝕣𝕦𝕒𝕣𝕚,𝟙𝟠 𝔽𝕖𝕓𝕣𝕦𝕒𝕣𝕚,False,2026-06-01T08:03:48.000Z,https://www.tiktok.com/@lalalisa_895/video/7646334651186842888
tos-alisg-avt-0068/baf4bb16b4c5e509b8d5c7df80c94215,princeskayangan_90,ngikut trend MBG mas Bahlil ganteng🙈#fypmasukberandabantulike ,38,4,6164,31,7,15.178,suara asli - BERDIKARI 11.02,BERDIKARI 11.02,False,2026-05-29T04:13:23.000Z,https://www.tiktok.com/@princeskayangan_90/video/7645162028855823637
tos-alisg-avt-0068/5f2a300342d0d48fa111edbdf70e888e,ndaaaja200,Iki coro bojoku ngerti lagune lak trus gede sirahe😭🤣#fyp #mbg #drivermuda #supirtruck #viral ,72,102,6164,4,12,8.167,suara asli - Sylvia Putri,Sylvia Putri,False,2026-05-31T07:03:04.000Z,https://www.tiktok.com/@ndaaaja200/video/7645947932662861077
tos-alisg-avt-0068/44633b9dccc54dcd7dcdff3920d80467,naza61155,MBG+🇨🇳+🇧🇷  #masbahlilganteng #velocitytrend ,59,6,6133,4,14,17.021,suara asli - Verz🤏🏻,Verz🤏🏻,False,2026-05-28T10:35:51.000Z,https://www.tiktok.com/@naza61155/video/7644889526556593416
tos-alisg-avt-0068/07301d4daf3c7f6d19b1b5f3af87b4da,uangotomatis,"MBG — Mas Bahlil Ganteng! 😎✨ Dari wajah serius sampai joget chibi ala anak TK, semuanya jadi makin lucu, unik, dan menghibur. Mas Bahlil Ganteng, versi chibi, siap joget masuk FYP! 😂🔥 #MasBahlilGanteng #MBG #Bahlil #ViralIndonesia #kontenviral ",31,19,6097,3,9,15.634,suara asli - Uang Otomatis,Uang Otomatis,False,2026-05-25T13:11:29.000Z,https://www.tiktok.com/@uangotomatis/video/7643816210265607425
tos-alisg-avt-0068/3fa112b70ff8d8e30e74ae0abc20693b,mahmudbrutalbgt,MBG mas Bowo gemoy😲 #Minecraft #izin ,69,68,6069,13,25,16.134,suara asli - Sultan,Sultan,False,2026-06-04T01:40:34.000Z,https://www.tiktok.com/@mahmudbrutalbgt/video/7647348922377047297
tos-alisg-avt-0068/a68ee9fd3a446140844cc78432519da2,febrianti0808,"trend lagu mbg mas Bahlil ganteng, animasi kartun #animasilucu #kartunanak #reelsviral #hiburanringanfypviral ",43,2,5976,0,8,15.434,Kanda My little Bolu Ketan,VOKALIZ_NETIZEN,False,2026-06-04T01:25:51.000Z,https://www.tiktok.com/@febrianti0808/video/7647345359798177032
tos-maliva-avt-0068/fa9bd52821f7bf0f719f469a13e8b946,ulysanjaya,Panten juga pak bahlil ... enak juga barang ini ... MBG #mcgarangan #ulysanjaya #wonogiri #gunungkidul #campursari ,98,5,5920,0,4,19.854,suara asli - ULY SANJAYA,ULY SANJAYA,False,2026-06-03T15:14:41.000Z,https://www.tiktok.com/@ulysanjaya/video/7647187873493519634
tos-alisg-avt-0068/403d4a84c73e412d2fe82461595b1bb4,mvpsafri1,nyanyi lagu mbg tpii versi beda suara 🗿 #fyp #epep #trending #lagumbg,168,5,5633,36,18,37.92,suara asli - safri🍁,safri🍁,False,2026-06-03T23:22:53.000Z,https://www.tiktok.com/@mvpsafri1/video/7647313669776329992
tos-maliva-avt-0068/c5a65e27632d81826f2cc8e51edbdbcd,bobotanjung15,#stitch dengan @voxnetizens ,201,4,5599,12,7,24.358,suara asli - voxnetizens,voxnetizens,False,2026-06-04T09:49:14.000Z,https://www.tiktok.com/@bobotanjung15/video/7647475082746400020
tos-alisg-avt-0068/e4b80b445defb8c0ddcd7fe19140f851,kenapayahh67,mbg😘mas🤗bahlil#viral #gksukaskip📵 #foryoupage #fypシ @VOKALIZ_NETIZEN ,47,26,5568,9,6,13.945,Kanda My little Bolu Ketan,VOKALIZ_NETIZEN,False,2026-05-23T03:20:24.000Z,https://www.tiktok.com/@kenapayahh67/video/7642921879497411847
tos-alisg-avt-0068/51c6f3c5973a17c61266e8b177492c95,kia.inikiaa,my little bolu ketan cover#vocalnetizen#coversong#fyp,112,7,5541,26,7,15.987,suara asli - kiaa,kiaa,False,2026-05-26T08:06:17.000Z,https://www.tiktok.com/@kia.inikiaa/video/7644108804623191304
tos-alisg-avt-0068/2442479461d01e6f655f35b1bf387ab0,hokgenesis,Memasak MBG 😂#animasi #kartun ,43,4,5485,2,12,11.076,Mbg Mas Bahlil Ganteng,MR EWIK,False,2026-05-30T00:54:56.000Z,https://www.tiktok.com/@hokgenesis/video/7645481958423694613
tos-alisg-avt-0068/854fa169086d5d072efb8a70677b868e,mwecy_,mas bahlil ganteng.. dinda suka kanda punya gaya😂 #mbg #cosplayer #indonesia ,385,25,5475,13,56,13.8,Mbg Mas Bahlil Ganteng,MR EWIK,False,2026-06-04T02:47:42.000Z,https://www.tiktok.com/@mwecy_/video/7647366456568532244
tos-alisg-avt-0068/4a8e8e74ddbf043bcf38dee7c624053e,al.haqi59,bisa gak dikomentar#mbg#masbahlilganteng#buahapayangpalingmanis#fyppppp#semogafypシ ,44,6,5428,0,3,14.768,Mbg Mas Bahlil Ganteng,Libbie Cupps,False,2026-06-02T06:06:02.000Z,https://www.tiktok.com/@al.haqi59/video/7646675407307132167
tos-alisg-avt-0068/1736590047c1a9f47cfb08f620b9ca69,salsa.bila1063,Suka lagu nya🕺#MBG #treanding #vidioviral #lewatberandamu #tiktok ,131,0,5198,4,9,14.674,suara asli - 𝙼𝚒𝚖𝚘𝚖𝚒𝚡,𝙼𝚒𝚖𝚘𝚖𝚒𝚡,False,2026-06-02T20:24:27.000Z,https://www.tiktok.com/@salsa.bila1063/video/7646896556557503764
tos-alisg-avt-0068/b9113040ac0dba2962518764f3f20ff1,adalah_pokoknya8.2,intinya mas yg namanya bahlil itu ganteng banget 🤭🔥🔥#creatorsearchinsights #masbahlilganteng #mbg #bcaxyz #BRI ,60,19,5145,3,13,30.967,suara asli - senggoldikitbacok,senggoldikitbacok,False,2026-05-27T12:10:56.000Z,https://www.tiktok.com/@adalah_pokoknya8.2/video/7644542930581048594
tos-alisg-avt-0068/7d25455e21f0bd2add3415a0f2fb8ba4,kulinerduwaa,Behind the scene 😭 #sevka #fyp #foryou #xyzbca #bahlil ,181,123,5008,11,7,18.97,Kanda My little Bolu Ketan,VOKALIZ_NETIZEN,False,2026-06-03T10:25:59.000Z,https://www.tiktok.com/@kulinerduwaa/video/7647113475042381063
tos-alisg-avt-0068/a4f6b3b72a214072f161516943984a34,jeeyaniwhs,iziiin duluan pake Fiona bergo nya dri @tiebymin 🫸🫸,710,40,4911,23,83,12.618,suara asli - ꨄ︎,ꨄ︎,False,2026-06-04T04:32:31.000Z,https://www.tiktok.com/@jeeyaniwhs/video/7647393455517240597
tos-alisg-avt-0068/58474b7f4ab5d9348dad46b7be6663df,liyn528,Sabrina leanor# Indonesian idol# masukberandafyp ,312,6,4825,6,9,28.4,suara asli - talita_imutth,talita_imutth,False,2026-06-04T04:40:51.000Z,https://www.tiktok.com/@liyn528/video/7647395618201079061
tos-alisg-avt-0068/703fbed1f8b78e45fbfb29a9ad175a3a,tahukfcboy,"Lirik lagu nya nih MBG Mas Bahlil Ganteng Buah apa yang paling manis? Buahlil... Tambah ganteng aja My little bolu ketan Ups kanda suka Dinda punya gaya Sialan dia makin lucu guys Kalau diperhatiin lama-lama Mirip Zayn Malik Ih, my Bahlil ganteng Makin glowing saja nih My koko, Bahlil kecintaanku My little cilok pentol Kecap dinda Maafkan dinda Dulu salah paham sama kanda Apa itu harta, takhta, Baskara Aku tim harta takhta kakanda sayang Benci dan cinta itu beda tipis Semenjak kakanda bilang matikan kompor Kalau masakan sudah matang Dinda memilih untuk tidak Memasak kandaku MBG Mas Bahlil Ganteng Buah apa yang paling manis? Buahlil... Tambah ganteng aja My little bolu ketan #bahlil #mbg #lapangankalpatarukemiling #TahuCrispy #Tahuisian ",120,8,4731,17,16,17.734,suara asli - AdindaBahlil,AdindaBahlil,False,2026-06-04T04:26:01.000Z,https://www.tiktok.com/@tahukfcboy/video/7647391725509528839
tos-alisg-avt-0068/d22cfa122c5eaf089aa5cfbc1a62a73f,slepzz1,#mbg #masbahlilgantenggg #unila #fyppppppppppppppppppppppp ,41,31,4609,16,3,15.0,Mbg Mas Bahlil Ganteng,MR EWIK,False,2026-06-04T04:49:11.000Z,https://www.tiktok.com/@slepzz1/video/7647397754276236565
tos-alisg-avt-0068/fc09333319f6a70075ba0f9da5546ac9,celanalesti2,,49,0,4580,0,0,15.022,Mbg Mas Bahlil Ganteng,MR EWIK,False,2026-06-03T05:09:19.000Z,https://www.tiktok.com/@celanalesti2/video/7647031851869080852
tos-alisg-avt-0068/5ed6d06942bc495a430d603f34ac31a6,irfansofyan3,Soundtrack lagu MBG #fyppppppppppppppppppppppp #mbg #trending #viral ,46,0,4573,11,5,16.53,suara asli - Irfan Sofyan,Irfan Sofyan,False,2026-04-01T04:31:15.000Z,https://www.tiktok.com/@irfansofyan3/video/7623643706138086664
tos-alisg-avt-0068/cf442a3bf73ee52ac3b942d30cf0cd59,kiko_lumi,MBG Mas Bahlil Ganteng  #mbg #masbahlilganteng #bahlil #lagumbg #musik,38,3,4537,4,4,13.654,suara asli - kiko lumi,kiko lumi,False,2026-05-30T08:56:36.000Z,https://www.tiktok.com/@kiko_lumi/video/7645606106437373191
tos-alisg-avt-0068/a95ecabf857551df9177efc8a0a1e121,dapurmbg.id,Ada lagi aja lagu kecintaannya nih😍😎🤭 #dapurmbg #buahlil #kandabahlil #masakannusantara #promomakan ,59,9,4535,8,6,15.267,suara asli - Mang Aplent,Mang Aplent,False,2026-06-04T04:32:24.000Z,https://www.tiktok.com/@dapurmbg.id/video/7647393255557975312
tos-alisg-avt-0068/d9712a7f05b5396c2d22626a94660d21,kanasukemusik,Momoi Cover Lagu MBG = Mas Bahlil Ganteng ib : @vokaliz_netizen  #mbg  #bahlil #momoi #liriklagu #trending ,229,30,4516,23,32,57.423,Kanda My little Bolu Ketan,VOKALIZ_NETIZEN,False,2026-05-31T11:35:42.000Z,https://www.tiktok.com/@kanasukemusik/video/7646018189423381767
tos-alisg-avt-0068/4f1d735735edfe4eb5895f647885aa20,alfaharshop,MBG Versi arab nanggung #reaction #react #musik #joget #kocak ,9,11,4374,1,4,29.42,suara asli - ALFAHAR SHOP,ALFAHAR SHOP,False,2026-05-28T13:42:32.000Z,https://www.tiktok.com/@alfaharshop/video/7644937623575825672
tos-alisg-avt-0068/3a8d08d67bbdfe14d65c56b62ce85166,xbcaa71,Ganteng banget mass #bismillahfyp #ppthejansen  #bahlil ,34,2,4329,6,6,15.68,suara asli - Naraz•_•,Naraz•_•,False,2026-05-29T11:38:24.000Z,https://www.tiktok.com/@xbcaa71/video/7645276722245471508
tos-alisg-avt-0068/7b6ab1924fb3ff5613cfb53f1446a825,__alaaa5,allaa#velocityterbaru #apajakoo🤙 #promomakanharian #masukberadafyp#lewatberandafyp ,324,5,4279,57,18,14.734,Eterna,Kostas Maskalides,False,2026-06-04T04:12:34.000Z,https://www.tiktok.com/@__alaaa5/video/7647388323182398740
tos-alisg-avt-0068/2e1486a8c6a677c115f1b90a6151e13d,jabir.al.rasid0,tren mbg mas bahil ganteng pake akun tiktok orang ,33,4,4090,1,10,15.84,suara asli - ADIPAK,ADIPAK,False,2026-05-27T09:47:28.000Z,https://www.tiktok.com/@jabir.al.rasid0/video/7644505961993915655
tos-alisg-avt-0068/82b9175a2cb043f60fb5d75c5ffe23d1,sapiwell0,mas Bahlil guanteng nyoo #bismillahfyp  #fyp #tiktokpelit #4u #xbca ,75,10,4070,3,11,30.697,suara asli - //🕰️𝗲𝗹𝗲𝗻𝗮 𝟮𝟬𝗸⋆˚꩜｡𐙚//,//🕰️𝗲𝗹𝗲𝗻𝗮 𝟮𝟬𝗸⋆˚꩜｡𐙚//,False,2026-06-03T11:45:33.000Z,https://www.tiktok.com/@sapiwell0/video/7647133981057584392
tos-alisg-avt-0068/bac702771264bea6aefefe7eada3e710,arnol......s,ikut trend 🗿 #masukberanda  #fyppppppppppppppppppppppp  #freefire_lover # #fyp  #masbahlilgantenkk🥰🥰 ,44,0,4049,4,2,20.62,Mbg Mas Bahlil Ganteng,MR EWIK,False,2026-06-03T07:55:44.000Z,https://www.tiktok.com/@arnol......s/video/7647074708466306311
tos-alisg-avt-0068/fa2f3d087c59857e9fa42396facf12d4,b_burik,Gawat kanda sudah menguasai hongkong 😱😱😱 #aivideo #hiburan  #bangburik ,56,15,4016,2,5,15.07,suara asli - B-Burik,B-Burik,False,2026-05-28T16:13:15.000Z,https://www.tiktok.com/@b_burik/video/7644976458670116117
tos-alisg-avt-0068/2ed321c82ee9219eb57eee0d6799d931,bedroombrewer,Thanks for generating this cool stuff as f*cx wkwkw @vokaliz_netizen 🙏🏻🙏🏻😭🙇🏻,24,5,3970,0,5,33.034,suara asli - bedroombrewer,bedroombrewer,False,2026-05-14T09:09:10.000Z,https://www.tiktok.com/@bedroombrewer/video/7639671986628709639
tos-alisg-avt-0068/22e69535d18ac98a45b68e0d32fa3a3b,dede.matel,#CapCut ,51,5,3919,2,0,26.611,suara asli - DuniaFilter,DuniaFilter,False,2026-06-03T18:36:10.000Z,https://www.tiktok.com/@dede.matel/video/7647239763325504788
tos-alisg-avt-0068/fef62dd037c4be372d6f4f105281e4b1,ur.otter,good news today from Pak Purbaya @purbayayudhis  harga BBM subsidi aman sampai akhir tahun. #purbaya #purbayayudhisadewa #menkeupurbaya #berandatiktok #fyp #menkeu #menkeupurbaya #foryou #fypシ゚ #fyppppppppppppppppppppppp #beranda #minyak #bbm #subsidi,145,27,3911,8,16,16.765,suara asli - RIZAL.088.RNG,RIZAL.088.RNG,False,2026-04-06T15:26:42.000Z,https://www.tiktok.com/@ur.otter/video/7625668024745430292
tos-alisg-avt-0068/2e50c60411386de7a99e3f7845b56e50,desynthamaharan,MBG! Mas Bahlil Ganteng 😝. #roblox #fyp #fypシ゚viral #robloxfyp #trending ,45,44,3864,3,11,14.9,suara asli - DesyNganu,DesyNganu,False,2026-06-04T03:59:22.000Z,https://www.tiktok.com/@desynthamaharan/video/7647384922373524757
tos-alisg-avt-0068/487a1d4a3392f0bdcbc612dd5b89e6b1,hamzahjxh134,#CapCut ,36,1,3861,1,4,26.611,suara asli - DuniaFilter,DuniaFilter,False,2026-06-04T00:48:18.000Z,https://www.tiktok.com/@hamzahjxh134/video/7647335688421117205
tos-alisg-avt-0068/3606f7385105d1866f18c04e4e4a8f4a,almamaksum,kayanya everyone lagi ter mbg2 juga  #fyp #lyrics #lypsync #MBG ,44,3,3795,2,6,14.367,suara asli - alma,alma,False,2026-06-01T02:31:40.000Z,https://www.tiktok.com/@almamaksum/video/7646249058197146900
tos-alisg-avt-0068/38d42cfbc277d2d02339c38107bbea5b,rumahsidila,MBG #masbahlilganteng #trend #jogetviral ,100,11,3706,1,18,13.767,suara asli - RumahSiDila,RumahSiDila,False,2026-05-29T10:27:25.000Z,https://www.tiktok.com/@rumahsidila/video/7645258426918096135
tos-alisg-avt-0068/6a96fff50fd0a47af3cdf1ff2ba066c2,doey864,MBG oh Mbg #mbg #lagumbg #aneh #viral #sorotan ,35,10,3702,1,3,26.611,suara asli - DuniaFilter,DuniaFilter,False,2026-06-03T06:59:01.000Z,https://www.tiktok.com/@doey864/video/7647060127383686407
tos-alisg-avt-0068/9f804d776687920e2facd8bde41e9d79,mastadin1,BBM subsidi tidak akan naik sampai akhir tahun #viral #bbm #purbayayudhisadewa #indonesia #fypシ゚ ,82,4,3681,5,4,172.502,suara asli - Mas_Tadin ❁,Mas_Tadin ❁,False,2026-04-06T15:01:43.000Z,https://www.tiktok.com/@mastadin1/video/7625661599268769042
tos-alisg-avt-0068/81a76a89c0a4271f4340feaaca8cf9fe,maul097,#mbg #masbahlilganteng #bahlil #fyp #komentar ,22,5,3668,34,1,14.967,Mbg Mas Bahlil Ganteng,Libbie Cupps,False,2026-06-02T06:41:32.000Z,https://www.tiktok.com/@maul097/video/7646684530799316245
tos-alisg-avt-0068/7941659f0cc67fb6a2a58714970b5ed7,my_gear,#masbahlilganteng #mbg #prabowo #filter #tren ,12,1,3664,1,4,15.093,suara asli - Rendi_kiyy🌀,Rendi_kiyy🌀,False,2026-05-29T11:36:34.000Z,https://www.tiktok.com/@my_gear/video/7645276248628792583
tos-alisg-avt-0068/08ea0750959f731de2930aa5f2865ee8,mkskinofficials,Harap maklum ya karna pekerjaan mami banyak banget😊#mkskin #maharanikemala #mkskinofficial ,396,0,3655,19,10,23.7,suara asli - cliptemplate,cliptemplate,False,2026-06-04T11:25:35.000Z,https://www.tiktok.com/@mkskinofficials/video/7647499842700332309
tos-alisg-avt-0068/403806265d9073ff84a80058439796b9,zikss556,MBG😴🗿 #liriklagu #laguvira #mbg #viraltiktok #fyp ,20,4,3629,4,0,16.556,suara asli - Sultan,Sultan,False,2026-05-27T13:22:56.000Z,https://www.tiktok.com/@zikss556/video/7644561489847782676
tos-alisg-avt-0068/6c46fbb02d2c817bd030eab5e3362aca,azharkingdom02,#hiburantiktok #dancechallenge #danceviral#soundviral #trending ,58,5,3589,8,4,16.5,Mbg Mas Bahlil Ganteng,MR EWIK,False,2026-06-04T06:43:17.000Z,https://www.tiktok.com/@azharkingdom02/video/7647427162810699028
tos-alisg-avt-0068/b104889be230bff28afa422abdeac006,momkeyla_echa_noah,bagi mbg donk #mbglovers❤️ #bocil #laguviral #keren ,38,0,3552,2,3,15.9,suara asli - Abeth_Siregar🦁,Abeth_Siregar🦁,False,2026-06-01T11:33:11.000Z,https://www.tiktok.com/@momkeyla_echa_noah/video/7646388621464866069
tos-alisg-avt-0068/4cf0af5264b151c2b35a4e7e51deb0b3,guwaizipizi,Krucil lagi doyan lagu MBG #set1awanade #gagitusil ,96,7,3468,0,3,40.567,suara asli - TAWU GUWA.,TAWU GUWA.,False,2026-05-28T07:15:02.000Z,https://www.tiktok.com/@guwaizipizi/video/7644837759676370194
tos-alisg-avt-0068/c3f53f1bca357c400d4958e3302c0c9f,formuladokteredi,Kok iso…? 😭😂 Netizen: dengar lagu. Kicau mania: dengar suara burung di dalam lagu 🐦🔥 Ditambah meme kucing yang muncul tiba-tiba… Auto ngakak dan langsung keingat burung kesayangan 😹 Yang videonya sering lewat di FYP mana suaranya? 👇 #kicaumania #viral #kontenhiburan #kicaumaniaindonesia #fyp ,155,7,3438,3,5,254.1,DJ KICAU KICAU MANIA,DJ Caroline Jeferson,False,2026-06-04T05:15:00.000Z,https://www.tiktok.com/@formuladokteredi/video/7647385571282799892
tos-alisg-avt-0068/2d35d55ba849f9ff6e0982e4d7204927,adelia.id021,"Inilah momen kita Tekan ""ikuti"" sekarang#tiktoklive #livehighlights ",12,0,3363,0,0,30.0,suara asli - Nikmatussani,Nikmatussani,False,2026-06-04T01:47:01.000Z,https://www.tiktok.com/@adelia.id021/video/7647350812649327893
tos-alisg-avt-0068/dbd22d272f99811ffffb879070740da2,alstair67,#fingerstyle #mbg #mbglovers❤️ #fyp #guitar ,425,9,3255,7,11,21.167,suara asli - arsennn.ic,arsennn.ic,False,2026-06-04T05:11:12.000Z,https://www.tiktok.com/@alstair67/video/7647403141201235201
tos-maliva-avt-0068/17767f4feef8592436374b4e6269b4d1,.rianrrr,Hafalan baru lagi 🤣 #mbg #masbahlilganteng #rianrrr ,43,8,3191,6,3,29.867,suara asli - RIAN RRR,RIAN RRR,False,2026-05-31T01:31:03.000Z,https://www.tiktok.com/@.rianrrr/video/7645862359789047060
tos-alisg-avt-0068/94b9daccb2f873dfebcb0210d458da87,hakyynd,date with my istri 🥰 #ocedisimeme #ocereal #hkyoc #allfake #ourcreativityidn,299,124,3173,26,36,14.834,suara asli - hakyynd,hakyynd,False,2026-06-04T04:48:06.000Z,https://www.tiktok.com/@hakyynd/video/7647397471173233938
tos-alisg-avt-0068/3636dc39d2dfcb1205dfde7184f94788,preset4424,Trend mei 2026# #tempalte #jj kece #templateviral #capcut judul lagu  mbg,76,24,3095,6,22,18.971,suara asli - RIVA JRR,RIVA JRR,False,2026-05-31T01:14:55.000Z,https://www.tiktok.com/@preset4424/video/7645858202898173204
tos-alisg-avt-0068/70b5b7ce5a3e9190d48e5c65315289e5,norimasi._commission,#mbg #prabowo ,35,1,3076,2,1,149.769,suara asli - Norimasi Commission,Norimasi Commission,False,2026-05-05T13:38:38.000Z,https://www.tiktok.com/@norimasi._commission/video/7636401647622704404
tos-alisg-avt-0068/da379e2966ad63b30cddeb96ca6c3284,bram.keys,"Buah apa, yang paling manis? BUAAAH*** tambah ganteng aja.. my little bolu ketan 🤘🏼😂 #mbg #masbahlilganteng #laguviral #pianocover #fypシ ",50,7,3062,20,5,38.496,suara asli - Bram Keys,Bram Keys,False,2026-05-30T10:41:46.000Z,https://www.tiktok.com/@bram.keys/video/7645633201561439508
tos-alisg-avt-0068/45beb2e480bc6cd1f7fe5cdd0c786f6c,nauli0503,dada om Dadan......  #mbg  #dadan  #bgn ,25,43,3044,2,3,14.9,suara asli - Etherium,Etherium,False,2026-06-04T01:28:31.000Z,https://www.tiktok.com/@nauli0503/video/7647346030362627349
tos-alisg-avt-0068/92deb3fffad0fa8bef51f532c1784947,elsa.uzumaki,MBG (Mas Bahlil Ganteng 😂) - #elsauzumaki #presetalightmotion #preset5mb #presetxml #foryou ,33,15,3036,2,9,15.349,Kanda My little Bolu Ketan,VOKALIZ_NETIZEN,False,2026-06-01T04:17:26.000Z,https://www.tiktok.com/@elsa.uzumaki/video/7646276306371464469
tos-alisg-avt-0068/97873a298c460669912da6a41e8a390e,catlovers.band,"My Little Bolu Ketan (Part 1) (Cover @VOKALIZ_NETIZEN)  ​[Intro] Dudududu [Chorus] Em Be Ge... Mas Bahlil Ganteng... Buah apa yang paling manis? Buahlil... Tambah ganteng aja, My Little Bolu Ketan ​[Verse 1] Ops, Kanda suka Dinda punya gaya Sialan dia... makin lucu guys kalau diperhatiin Lama-lama mirip Zayn Malik... Ih, My Bahlil Ganteng ​[Verse 2] Makin glowing aja nih My Koko Bahlil kecintaanku... My Little cilok pentol, kecap Dinda Maafkan Dinda dulu salah paham sama Kanda [Chorus] Em Be Ge... Mas Bahlil Ganteng... Buah apa yang paling manis? Buahlil... Tambah ganteng aja, My Little Bolu Ketan #MBG #MyLittleBoluKetan #Buahlil #VokalisNetizen #CatLoversBand",40,9,3028,5,6,94.065,suara asli - Cat Lovers Band,Cat Lovers Band,False,2026-05-24T11:23:59.000Z,https://www.tiktok.com/@catlovers.band/video/7643417572888595732
tos-alisg-avt-0068/785712338d2c665b4ae83cfcbcee0bff,250sec,beginilah kalo menterinya benar-benar kerja untuk rakyat. sepertinya yang ngotot harga BBM di naikan dia punya stok banyak biar dapet untung banyak #purbaya #bbm #sawit ,260,28,3014,34,19,359.167,suara asli - 250sec,250sec,False,2026-04-06T18:12:05.000Z,https://www.tiktok.com/@250sec/video/7625710645350042898
tos-alisg-avt-0068/7c39f8d62a85ef13db3b3cd54fd33856,or4ng_pinggiran,masyarakat merasa aman karena Prabowo tidak menaikan BBM ,27,1,2999,1,3,103.004,suara asli - Orang_Pinggiran,Orang_Pinggiran,False,2026-04-07T04:39:03.000Z,https://www.tiktok.com/@or4ng_pinggiran/video/7625872224032935176
tos-alisg-avt-0068/7910e957b33d368b8c3caa9a861e1993,siucup23,Siapa nih yang seneng sama lagunya mbg (mas bahlil ganteng)😆…. #tirtosariview #wisataalamwisataamal #lumajang #mbg #anak ,34,3,2994,0,3,32.7,suara asli - BERDIKARI 11.02,BERDIKARI 11.02,False,2026-06-03T22:25:00.000Z,https://www.tiktok.com/@siucup23/video/7647204948190563602
tos-alisg-avt-0068/17ab11e16c43aea6ed9b108e957c74a5,fanslionindah,"versi ka indah#lagu mbg #FansLionindah✨ #indahsundarijayanti #fyppppppppppppppppppppppp @Indah SJ, M.Psi., Psikolog ",83,8,2974,0,13,13.68,suara asli - Fans Lionindah ✨(Lionil Indah),Fans Lionindah ✨(Lionil Indah),False,2026-06-01T09:48:49.000Z,https://www.tiktok.com/@fanslionindah/video/7646361728996920597
tos-alisg-avt-0068/5179908ce5764c5162bf1c461aa21b92,_skipcerita,nyobain yg lg trend #trend #alternativeuniverse #fyp ,274,16,2904,7,50,80.667,suara asli - 🍓,🍓,False,2026-06-04T04:30:16.000Z,https://www.tiktok.com/@_skipcerita/video/7647392882411785480
tos-alisg-avt-0068/072ee791b18c16186dff1cdb69db4be6,keanuazkfans,MBG😍 udah 1thn gak upload😭 #keanuazkabriansyah #keanu👾👾 #buahlil ,274,11,2889,4,35,15.68,suara asli - Naraz•_•,Naraz•_•,False,2026-06-02T00:07:43.000Z,https://www.tiktok.com/@keanuazkfans/video/7646583028160023828
tos-alisg-avt-0068/32e1ab4952a7b1bcfe80837012839f6a,iwiiiwwww0,ngakak#fypage #fypシ゚ #mbg #bahlil ,94,6,2765,1,2,15.046,Mbg Mas Bahlil Ganteng,MR EWIK,False,2026-06-03T10:47:52.000Z,https://www.tiktok.com/@iwiiiwwww0/video/7647119121594780948
tos-alisg-avt-0068/21f7e2bb41cf9d3268fed7f996c22484,fireefangg,MAS BUAHLIL GANTENG #mbg,48,15,2718,14,1,15.022,Mbg Mas Bahlil Ganteng,MR EWIK,False,2026-06-03T13:07:06.000Z,https://www.tiktok.com/@fireefangg/video/7647154988716051733
tos-alisg-avt-0068/9b33fb115c22156ffd33c361a95353f3,faridli_clippergo,"""Definisi makin dilihat makin candu. Editannya dapet, lagunya pas banget sama ekspresi Pak Bahlil yang selalu ekspresif dan ramah. Menyala Mas Bahlil! ⚡️ #MasBahlil #MakanBergiziGratis #SoundViral #KontenKreatif #CapCutIndonesia """,33,7,2693,0,1,33.4,suara asli - faridli_clippergolkarntb,faridli_clippergolkarntb,False,2026-06-03T09:44:09.000Z,https://www.tiktok.com/@faridli_clippergo/video/7647102687640767764
tos-alisg-avt-0068/cb22b718674693ea14ff5014f7323539,azka_khabir123,lagu mbg terbaru 🤣#semogofypシ #fuppppppppppppppppppppppppp ,19,1,2685,31,4,13.909,suara asli - Kein Moytod,Kein Moytod,False,2026-05-30T06:23:11.000Z,https://www.tiktok.com/@azka_khabir123/video/7645566533716020500
tos-alisg-avt-0068/4e20990de5fba64c5e7c9dd1db027ea2,suneo_sukacari.19,#duet dengan @VOKALIZ_NETIZEN #fyp #solusi #sistemKRL #jaganyawa ,13,0,2605,0,2,34.993,suara asli - VOKALIZ_NETIZEN,VOKALIZ_NETIZEN,False,2026-04-29T23:49:46.000Z,https://www.tiktok.com/@suneo_sukacari.19/video/7634332629042597128
tos-alisg-avt-0068/9f2437d2c13a69c5997ac276cee461bb,nalarmerdeka,"Ada yang bilang menaikkan harga BBM itu ""lebih penting"" daripada nambah subsidi. Tapi, apakah ekonomi cuma soal hitung-hitungan angka di atas kertas?  Di tengah situasi dunia yang nggak menentu, subsidi bukan sekadar ""bantuan"", tapi rem inflasi Kalau BBM naik tanpa perhitungan matang, harga beras, telur, sampai ongkos kirim bakal meledak. Siapa yang paling kena dampaknya? Tentu saja pedagang kecil, kurir, dan ibu rumah tangga. Pemerintah memilih jalan yang lebih menantang: Menjaga bantalan ekonomi rakyat sambil terus mempercepat Transisi ke Energi Domestik (Listrik & Energi Terbarukan) agar kita nggak lagi didikte harga minyak dunia. Negara hadir bukan untuk berbisnis dengan rakyat, tapi untuk melindungi. Setuju? #jusufkalla #bbm #subsidi #global #prabowo ",73,0,2601,8,3,92.648,Inspirational,SILVANA INSPIRA,False,2026-04-06T16:22:37.000Z,https://www.tiktok.com/@nalarmerdeka/video/7625682422910160149
tos-alisg-avt-0068/6de9702fad55fa762446b16bcc91e877,sppg.langsakotagpdaulat,MBG mas buahlil ganteng 🤭 #mbg #lucu #masbahlil #menu #trend,24,3,2590,0,2,14.604,"suara asli - Rayvenn, n nya dua","Rayvenn, n nya dua",False,2026-06-02T03:05:22.000Z,https://www.tiktok.com/@sppg.langsakotagpdaulat/video/7646628830295117077
tos-alisg-avt-0068/947a16b597729ef936ef842f2430d2df,twins_maira_naura,"KITA MAU NANYA NIH YAAA MBG DISEKOLAH KALIAN ENAK"" NGGA?? COBA KOMEN YAA  #twins #twinsmeynow #sikembarmairanaura #mbg #tiktoktrend ",60,4,2499,21,8,13.92,Kanda My little Bolu Ketan,VOKALIZ_NETIZEN,False,2026-06-03T02:40:44.000Z,https://www.tiktok.com/@twins_maira_naura/video/7646993555243814164
tos-alisg-avt-0068/862dde56bec4b6c4c1402e8f89ae8935,ndah__25,#mbgmasbahlilganteng ,171,0,2480,6,7,14.967,suara asli - BERDIKARI 11.02,BERDIKARI 11.02,False,2026-06-04T11:45:52.000Z,https://www.tiktok.com/@ndah__25/video/7647505143772155157
tos-alisg-avt-0068/0742e9abdddf7bdc555b3521c6448dab,ljcc01,embegeee🙉🙊 @celsii🐸  #mbg #masbahlil #bahlilganteng #trendingtiktok #trendingsound ,49,3,2428,1,8,18.686,Mbg Mas Bahlil Ganteng,MR EWIK,False,2026-05-31T03:12:20.000Z,https://www.tiktok.com/@ljcc01/video/7645888466202545428
tos-alisg-avt-0068/3c268a6cb2d1cbc7da726c263f7ac4cb,oliviamliwang,tolong terngiang2 lagu ini 😭 #lagubahlil #bahlilganteng #lagumbg #bossepatu #cicialova,23,1,2423,1,2,16.114,Mbg Mas Bahlil Ganteng,Libbie Cupps,False,2026-06-03T05:23:06.000Z,https://www.tiktok.com/@oliviamliwang/video/7647035421246983432
tos-useast2a-avt-0068-giso/7085961589202878490,petikmerahcaferoastery,sampe gajadi bikin orderan saking cinta sm pak #bahlil #mbg #lagu #cafe #viral ,27,7,2397,0,3,11.134,suara asli - adalahpokoknya,adalahpokoknya,False,2026-06-03T10:16:47.000Z,https://www.tiktok.com/@petikmerahcaferoastery/video/7647111097010507028
tos-alisg-avt-0068/18d12850601eee4dc717b71ed4471ca9,fanss.ropril83,𝚙𝚊𝚛𝚝  9 𝚑𝚊𝚝𝚝𝚎𝚛𝚜 𝚔𝚊𝚔 @da7_robi 🤪😂🤣😎 #robiversofficial #julebi #dangdutacademy7  #fyp #foryou ,223,27,2339,24,14,12.005,suara asli - 🫧,🫧,False,2026-06-04T05:03:15.000Z,https://www.tiktok.com/@fanss.ropril83/video/7647401382365941000
tos-alisg-avt-0068/cc9b20f13ea2e0adc68e106b03d63c19,elshanum.khasina,bahaya kalo sampe apal liriknya😭💃🏻#toodlersoftiktok #toodler #tiktokseries #creatorsearchinsights ,29,0,2293,1,3,15.07,MBG (Mas Bahlil Ganteng),MAMAN FVNKY,False,2026-05-26T10:04:10.000Z,https://www.tiktok.com/@elshanum.khasina/video/7644139179772857621
tos-alisg-avt-0068/5ddafd097478bbbbe3a1fb847010034a,putri.aulia8413,MBG (Mas Bahlil Ganteng) #fypage #trending #fyp #fypp #foryoupage ,55,0,2270,5,4,15.087,Kanda My little Bolu Ketan,VOKALIZ_NETIZEN,False,2026-05-28T10:41:12.000Z,https://www.tiktok.com/@putri.aulia8413/video/7644890893916392722
tos-alisg-avt-0068/82563c4ae2d59ecb6a2db3dc3ac2a5f3,top5peopleee,Lagu Mbg bisa sampe ke Amerika 🤣#mbg #viral #facts  #bahlil ,13,3,2241,0,1,15.14,suara asli - Top5People,Top5People,False,2026-06-02T22:33:19.000Z,https://www.tiktok.com/@top5peopleee/video/7646929803894918421
tos-alisg-avt-0068/93687456e560add7e5fc95ea5815709f,candra170302,MBG X Brazil  #mbg #masbahlilganteng #laguviral #trending #tiktok ,62,1,2229,11,5,14.372,Mbg Mas Bahlil Ganteng,MR EWIK,False,2026-06-03T10:17:11.000Z,https://www.tiktok.com/@candra170302/video/7647111204338519317
tos-alisg-avt-0068/eb105a2537649ef6c000794b9aa1bb65,clipper8261,MBG!! Mas Bahlil ganteng😅😅 #trentiktok #velocity #trenvelocity ,122,7,2205,4,10,14.267,suara asli - Its sela🪼,Its sela🪼,False,2026-05-30T05:27:39.000Z,https://www.tiktok.com/@clipper8261/video/7645552259979300116
tos-alisg-avt-0068/c83fd44681f84bce5b97ff6459dd5bea,beliaza_,Emang seEnak itu lagunya 😭😭 #mbg #musikviral #funnyvideo #virall ,8,0,2155,0,0,15.117,suara asli - 𝙁𝙄𝙏𝙊 || 𝕰𝖒𝖕𝖎𝖗𝖊 ++,𝙁𝙄𝙏𝙊 || 𝕰𝖒𝖕𝖎𝖗𝖊 ++,False,2026-05-25T12:57:07.000Z,https://www.tiktok.com/@beliaza_/video/7643812660731006229
tos-useast2a-avt-0068-giso/be5086ff30915e4755cbb540da648095,keysheva12,"Hahaha dah nyampe diulang tahunan bocil lagu mbg , dan gong nya bocilnya hafal 🤣 #fyp #mbg #masbahlilganteng #today #fypreels ",28,0,2138,0,3,11.949,suara asli - Sheva kitchen,Sheva kitchen,False,2026-05-30T05:07:57.000Z,https://www.tiktok.com/@keysheva12/video/7645547177586052373
tos-alisg-avt-0068/a8acd4861b0a36b076660ad54edb7556,.damm_02,ikut trend juga 🤩🤩#mbg #laguviral #masbahlilganteng #bahlil ,15,1,2128,0,2,15.024,suara asli - Rendi_kiyy🌀,Rendi_kiyy🌀,False,2026-05-31T11:37:11.000Z,https://www.tiktok.com/@.damm_02/video/7646018578256235797
tos-alisg-avt-0068/86c4e18b020eb233a96329be3de39f6f,tribun.wargajabar,sound minggu ini 😭 #fyp #trending #MBG #bahlil,16,6,2088,4,1,11.285,suara asli - Tribun Warga Jabar,Tribun Warga Jabar,False,2026-05-28T15:11:47.000Z,https://www.tiktok.com/@tribun.wargajabar/video/7644960571720355088
tos-maliva-avt-0068/196a361d9955215486912b88fe32abc8,zhamendie,nah lo🤭🤭✌️#promomakanharian  #fyp  #foryoupage  #indonesia  #merdeka ,56,4,2047,8,3,59.049,suara asli - Sigit Sugiana,Sigit Sugiana,False,2026-04-06T15:27:32.000Z,https://www.tiktok.com/@zhamendie/video/7625668247911681300
tos-alisg-avt-0068/9f4d8c019225bdb2a5935031e1a66c42,_fhrlmaulana,seadanya aja #hidupsehat #mbg #masbahlilgantenggg #rorrr #fyp ,71,3,2017,10,5,24.234,suara asli - moiseslyricsss,moiseslyricsss,False,2026-06-04T04:27:17.000Z,https://www.tiktok.com/@_fhrlmaulana/video/7647392125859925256
tos-alisg-avt-0068/9f14b8893eba32913b2cc3e40d0b4c9e,lindsaykito,dc yang lagi viral #mbg #viraltiktok #dancechallenge #fyp #masbahlilgantenkk🥰🥰 ,253,2,1987,2,5,14.744,suara asli - lindsaykito,lindsaykito,False,2026-06-03T16:18:59.000Z,https://www.tiktok.com/@lindsaykito/video/7647204447604559122
tos-alisg-avt-0068/0d7aae201c9aaa580e880fc3e3d9a04d,usepmarkuseprimex,"MBG mas bahlil ganteng ,full lirik viral tiktok terbaru 2026 yt https://youtu.be/qzs-ebuJa4c?si=KN6dNsndgq_tFPIA #viral #mbg",21,6,1984,1,6,20.067,suara asli - usep remixer,usep remixer,False,2026-06-02T15:45:38.000Z,https://www.tiktok.com/@usepmarkuseprimex/video/7646824768154389780
tos-alisg-avt-0068/fcccdf86800421f4048b5156872101a6,muchamadraafi,#mbg #masbahlil #dance ,42,17,1974,8,3,15.067,Mbg Mas Bahlil Ganteng,MR EWIK,False,2026-06-03T02:14:33.000Z,https://www.tiktok.com/@muchamadraafi/video/7646986826388901140
tos-alisg-avt-0068/5016a6651228a77b41c8a03142c516a1,milkyblueberich,Mas bahlil ganteng @Ekow @apriansyahyooo h #gurumuda #guru #gurusd #gurugenz ,76,19,1929,34,10,15.046,Mbg Mas Bahlil Ganteng,MR EWIK,False,2026-06-04T02:46:55.000Z,https://www.tiktok.com/@milkyblueberich/video/7647366240117230856
tos-alisg-avt-0068/45da8cfce6b0dd25fb67cc405235dc9c,rahma.firdaus4,"1.💫Asal-usul Komentar: Lirik lagu ""MBG"" (Mas Bahlil Ganteng) ini awalnya bukanlah pujian tulus, melainkan akumulasi atau kompilasi komentar-komentar absurd, nyeleneh, dan hiperbolis dari netizen di media sosial. Komentar-komentar tersebut kemudian dirangkai menjadi lagu oleh akun kreator @vokaliz_netizen menggunakan bantuan AI. [1, 2] Gaya Bahasa Satire: Penggunaan kata-kata seperti ""My little bolu ketan"", ""My koko, Bahlil kecintaanku"", dan ""Buah apa yang paling manis? Buahlil"" adalah ejekan halus yang ditujukan untuk mengolok-olok kultur simping (menggila-gilai) seorang tokoh politik atau pejabat. Alih-alih mengagumi kinerjanya sebagai Menteri ESDM, netizen justru menertawakan gaya sang menteri yang dikemas dalam bentuk lirik menggelikan. [1] Respon Terhadap Satire: Walaupun bernada satire dan meledek, pihak Partai Golkar (partai tempat Bahlil bernaung) justru menanggapinya dengan positif. Mereka menganggap lagu tersebut lucu dan menghibur.  2.💥Lirik atau ungkapan ""Lutfi ra duwe isin"" (Luthfi tidak punya malu) yang ditujukan kepada Gubernur Jawa Tengah, Ahmad Luthfi, merupakan bentuk kritik keras yang disampaikan secara satire dan sindiran sarkastik. Kritik tersebut bukanlah lagu resmi yang memuat pujian, melainkan respon atau umpan balik negatif dari warganet. Ekspresi ini muncul sebagai respons atas pernyataan kontroversial Gubernur Jateng yang pernah melayangkan kritik keras terhadap gaya sebagian pejabat. [1] Konteks Pernyataan dan Sindirannya: Gaya Pejabat Pencitraan: Dalam forum resmi Rapat Koordinasi Penanggulangan Kemiskinan, Gubernur Jateng Ahmad Luthfi mengkritik para pejabat (termasuk dirinya) yang kerap membuat konten, dikawal berlebihan, dan membawa media saat blusukan karena dinilai hanya sekadar pencitraan. [1, 2] Penyebutan ""Gubernur Konten"": Pernyataan tersebut memicu reaksi balik dan viral di media sosial. Warganet berbalik menyindir Gubernur Jateng sebagai sosok yang ""ora duwe isin"" (tidak tahu malu), menuduhnya bermuka dua, dan menganggap kritiknya sebagai bumerang yang justru mencoreng etika kepemimpinannya sendiri. [1, 2]  cr : IG officialInews Pada intinya, ujaran ini digunakan publik sebagai ejekan pedas untuk menyentil #inkonsistensi atau perilaku seorang pejabat publik antara apa yang diucapkan dan apa yang dilakukannya. gimana pendapatmu??  #Boluketan #lutfiraduweisin ",19,1,1916,1,5,49.667,suara asli - Rahma Firdaus,Rahma Firdaus,False,2026-06-03T03:27:35.000Z,https://www.tiktok.com/@rahma.firdaus4/video/7647005639415319829
tos-alisg-avt-0068/55cfe2ade0e6b3dfb0a4b12b126cb6d5,black.style.v2,mbg mak bahlil ganteng🔥🤩#fyp #viral #foryou ,33,12,1866,3,1,16.934,suara asli - KEVIN COTOK,KEVIN COTOK,False,2026-06-03T10:48:11.000Z,https://www.tiktok.com/@black.style.v2/video/7647119191949987092
tos-alisg-avt-0068/d0a0904fe1d87f381cca06b9ac8029e1,putrialia462,,113,3,1845,15,28,20.481,suara asli - mod bussid truck12,mod bussid truck12,False,2026-06-04T05:26:06.000Z,https://www.tiktok.com/@putrialia462/video/7647407276688428309
tos-alisg-avt-0068/0098762754935bd702ffda60a5fbe945,usernameda2720,"Ruffai: ""gantengan aku apa Mas Bahlil?"" 🤣 #fyp #dancechallenge #fypシ ",92,2,1806,11,4,15.14,suara asli - BERDIKARI 11.02,BERDIKARI 11.02,False,2026-06-04T12:25:45.000Z,https://www.tiktok.com/@usernameda2720/video/7647515414863547669
tos-alisg-avt-0068/49ca0897ff2bfcd17000401aa135322b,smkmutuotomotif,Ikutan Tren MBG bolehkan#pendaftaran #fypシ゚ #ppdb #laguviral #mbg ,49,1,1801,0,3,14.2,suara asli - Chans73,Chans73,False,2026-06-03T13:28:56.000Z,https://www.tiktok.com/@smkmutuotomotif/video/7647160628624248082
tos-alisg-avt-0068/f8c6ff77def01ae540b7e9874a39ef24,abidinchannel25,🎵 Musik MBG Viral #fypp #mbg #liriklagu #laguviral  #trending ,10,11,1782,2,4,30.9,suara asli - MISTER ABIDIN,MISTER ABIDIN,False,2026-06-03T10:35:41.000Z,https://www.tiktok.com/@abidinchannel25/video/7647115981801671956
tos-alisg-avt-0068/a270e2c50ff420f4c8443bca4f3906e6,kireisakura24,kecanduan banget sama lagu MBG 😂 #mbg ,11,1,1748,10,0,22.735,suara asli - KireiSakuraHinataAmegakure24,KireiSakuraHinataAmegakure24,False,2026-05-31T12:41:47.000Z,https://www.tiktok.com/@kireisakura24/video/7646035223355903253
tos-alisg-avt-0068/09e4df36ced051b9e37d7cf26269c237,oh_shit.men,MBG?#fyp #mbg #masukberanda #music ,41,3,1746,4,5,19.634,suara asli - FABIAN DISJOCKEY,FABIAN DISJOCKEY,False,2026-06-04T03:43:15.000Z,https://www.tiktok.com/@oh_shit.men/video/7647380770939473172
tos-alisg-avt-0068/afe48ca184180dd72a1eb43ddd7f90c5,musikupdateidofficial,"Keisya Levronka bikin fans penasaran! Momen Keisya Levronka naik truk mendadak viral dan memicu banyak spekulasi. Kira-kira lagi syuting proyek apa, ya? 🎥  Fitrinurdiansyah1008 . #keisyalevronka #viral #heboh #musikditiktok ",25,0,1723,1,0,15.2,Pelarian,Keisya Levronka,False,2026-06-04T11:50:42.000Z,https://www.tiktok.com/@musikupdateidofficial/video/7647506395067092244
tos-alisg-avt-0068/81db0e2ba1261e695354f2f1ba80e1db,devii_kayoung,karena kamu bintang di hatiku @Meidra ❣️❣️ #meidraaljuwi #meidra #meidraidol #BenkBenk #indonesianidolxiv ,176,1,1677,1,10,73.561,suara asli - 𝐏а𝐭𝐫𝐢ск 𝐒𝐭☆𝐫,𝐏а𝐭𝐫𝐢ск 𝐒𝐭☆𝐫,False,2026-06-04T04:33:31.000Z,https://www.tiktok.com/@devii_kayoung/video/7647393709591383316
tos-alisg-avt-0068/299776873e004af80d7f9a580bbeabd0,rion29409,MBG = mas Bowo ganteng 🗿 #mbg #foryoupage #fyp #bahlil #lagumbgmasbahlilganteng ,20,1,1673,16,6,27.1,suara asli - ℟Ꭵℴη𒆜尺丨口几,℟Ꭵℴη𒆜尺丨口几,False,2026-06-03T06:53:44.000Z,https://www.tiktok.com/@rion29409/video/7647058749772926228
tos-alisg-avt-0068/c6df738e80d9e41d2c4303ad1b342be8,mhrm718,MBG lagi #mbg #masbahlilganteng #fyp #viral,18,3,1662,2,2,26.611,suara asli - DuniaFilter,DuniaFilter,False,2026-06-04T01:42:43.000Z,https://www.tiktok.com/@mhrm718/video/7647349681399270677
tos-useast2a-avt-0068-giso/a716f04fd4ae2d8d4d6a53397164bfa3,kedelaihitam_pilihaaan,Syalannn udah ada  lagu fullnya di spotify cuyy😭 Dicari❎ muncul sendiri✅ #laguviral#ngakak#netizen#songs#mbg ,13,4,1658,0,1,32.734,suara asli - 𝟙𝟠 𝔽𝕖𝕓𝕣𝕦𝕒𝕣𝕚,𝟙𝟠 𝔽𝕖𝕓𝕣𝕦𝕒𝕣𝕚,False,2026-05-24T05:02:27.000Z,https://www.tiktok.com/@kedelaihitam_pilihaaan/video/7643319250358193426
tos-alisg-avt-0068/1752aed52d7239f43767795f6b814660,firman.war4,Mbg (mas bahlil ganteng),77,2,1590,0,3,38.544,Mbg Mas Bahlil Ganteng,MR EWIK,False,2026-06-04T05:51:43.000Z,https://www.tiktok.com/@firman.war4/video/7647413870767934740
tos-alisg-avt-0068/f05f94760e675975e1f8781ffa69ffd7,sabrina_purbalingga,Mbg #mbg #buahlil #fyp ,111,1,1543,3,9,10.134,Mbg Mas Bahlil Ganteng,MR EWIK,False,2026-06-03T14:42:53.000Z,https://www.tiktok.com/@sabrina_purbalingga/video/7647179673880841493
tos-alisg-avt-0068/a62399d8631deb3e880a8752642ed73b,supriyadhie.ska,"Oh jadi ini toh Lagu yg lgi jadi top request di blantika musik Indonesia skrg, lucuk juga judulnya ""eM Be Ge"", 🤗🤭🤗",6,2,1536,0,0,14.467,suara asli - Supriyadhie SKA,Supriyadhie SKA,False,2026-05-30T12:30:07.000Z,https://www.tiktok.com/@supriyadhie.ska/video/7645661124494380308
tos-alisg-avt-0068/c7fd3d42b7f32c32652ac6c96d10a2d4,shirohahhoh,Mbg mas bahlil ganteng🧏🏻‍♀️ #mbg #trendterbaru2026 #trenddance #fyp ,26,3,1535,8,4,14.3,suara asli - 𝙼𝚒𝚖𝚘𝚖𝚒𝚡,𝙼𝚒𝚖𝚘𝚖𝚒𝚡,False,2026-06-04T03:31:08.000Z,https://www.tiktok.com/@shirohahhoh/video/7647377641976237332
tos-alisg-avt-0068/b921e97425260e37bd18fa6e292ff1c1,mas_akaa,apa kalian melihat sesuatu yg aneh ??? @BAHLILRSP  #fypシ #masukberandafypシ #fyp #fyppppppppppppppppppppppp #xyzbca ,43,2,1534,2,3,35.634,suara asli - He!Tex🔥,He!Tex🔥,False,2026-06-04T11:27:10.000Z,https://www.tiktok.com/@mas_akaa/video/7647500324411919636
tos-alisg-avt-0068/d2285960268f7114cceb08b42ddb68d7,nrmnstwn,mbg,23,31,1465,5,2,13.351,Mbg Mas Bahlil Ganteng,MR EWIK,False,2026-06-04T08:15:53.000Z,https://www.tiktok.com/@nrmnstwn/video/7647451028224232722
tos-maliva-avt-0068/7295384979681837061,tbantasaidi,,32,0,1460,3,1,153.81,suara asli - Saidi,Saidi,False,2026-05-06T12:43:51.000Z,https://www.tiktok.com/@tbantasaidi/video/7636758616304880917
tos-alisg-avt-0068/93e5b31bbb90557ea2de214b24050229,bayuerlng_,Ada-ada aja ulah mereka🤭 #pov #gurubk #mbg #smpstory🌻 #fypシ ,45,7,1443,0,1,19.767,Mbg Mas Bahlil Ganteng,Libbie Cupps,False,2026-06-03T03:24:50.000Z,https://www.tiktok.com/@bayuerlng_/video/7647004923355286792
tos-alisg-avt-0068/a2acb49612e23a5e111685be6854d19b,akbarh_c3r,mbg mas bahlil ganteng🗿#trending #free_fire #ffedit #masbahlilgantenk😋 #fyp ,10,0,1426,5,1,15.0,Mbg Mas Bahlil Ganteng,MR EWIK,False,2026-06-03T07:19:02.000Z,https://www.tiktok.com/@akbarh_c3r/video/7647065082395938049
tos-alisg-avt-0068/7330620039835418645,fortuna_jaya_group,Yuhuuuu tungguin di Ch Muara Bintang yaa😘 . @Sabrina - #dikesabrina #rujakuleg #dangdut #fyp #tiktokviral ,122,8,1423,2,22,59.026,suara asli - Fortuna Jaya Group,Fortuna Jaya Group,False,2026-06-04T01:33:40.000Z,https://www.tiktok.com/@fortuna_jaya_group/video/7647347336120765716
tos-alisg-avt-0068/af8581cf14cfeeeb5fe80194e1487271,clip_an17,"Nama Bahlil Lahadalia kembali ramai di media sosial setelah potongan videonya dijadikan meme dan remix lucu oleh netizen. Akun Tik Tok vokaliz_netizen menjadi salah satu yang paling mencuri perhatian lewat lagu dari kumpulan komentar warganet tentang Bahlil. Hasilnya, kalimat-kalimat absurd seperti ""my little bolu ketan"" kini ikut viral dan berseliweran di FYP banyak pengguna. #mbg #masbahlilganteng #fyp #virall #creatorsearchinsights ",18,0,1406,0,0,131.8,Kanda My little Bolu Ketan,VOKALIZ_NETIZEN,False,2026-05-27T01:58:23.000Z,https://www.tiktok.com/@clip_an17/video/7644385075597020437
tos-alisg-avt-0068/2d0d5cf9a3abc5bbdf09ae2241c9ce17,realzall,MBG koplo 🤙🏻 #fyp #mbg #masbahlilganteng #velocity #dancetrend2026 ,24,1,1405,9,1,15.034,suara asli - BERDIKARI 11.02,BERDIKARI 11.02,False,2026-06-03T12:22:46.000Z,https://www.tiktok.com/@realzall/video/7647143563716758804
tos-alisg-avt-0068/5527b59446e508fb0ab2bd9628212caa,rahmafitria_spill,Terngiang ngiang lagu mbg 😭😭😭😭 #fyp #lagumbg #lucu #ngakak ,24,0,1390,1,0,17.067,Mbg Mas Bahlil Ganteng,Libbie Cupps,False,2026-05-29T18:07:54.000Z,https://www.tiktok.com/@rahmafitria_spill/video/7645377079940336916
tos-alisg-avt-0068/56bd6d91bb238fbc3ad16e8f771ed0d2,bangdickyrianda,"Ada aja memang gebrakannya ya, DPR usul beli elpiji pakai sidik jari atau retina mata #gas #elpiji3kg #fyp #reaction",36,3,1371,6,5,13.12,suara asli - Bro Dicky,Bro Dicky,False,2026-04-07T06:29:24.000Z,https://www.tiktok.com/@bangdickyrianda/video/7625900352017157377
tos-alisg-avt-0068/a0d06b691d1fd7be480edd35f983870d,mrijkihidayat,MBG mas Bahlil ganteng🙏#fyppp #tiktok #,31,1,1356,0,2,27.434,suara asli - Abah& bombom.,Abah& bombom.,False,2026-06-03T09:34:33.000Z,https://www.tiktok.com/@mrijkihidayat/video/7647100216289660180
tos-alisg-avt-0068/a5f56565b80d1652d276e261e3091311,naufalharzz,My little bolu ketan 🤏🏻 #MBG #buahlil #MasBahlilGanteng @Reyhanmiii ,97,19,1328,16,6,15.001,Mbg Mas Bahlil Ganteng,MR EWIK,False,2026-06-03T15:50:18.000Z,https://www.tiktok.com/@naufalharzz/video/7647197052157316373
tos-alisg-avt-0068/e17e7bda3f713a2ea9216e534b39a86d,oengg16,Bahlull🤣,115,2,1327,1,5,15.0,Mbg Mas Bahlil Ganteng,MR EWIK,False,2026-06-03T09:58:26.000Z,https://www.tiktok.com/@oengg16/video/7647106373779590408
tos-maliva-avt-0068/c950ef321eeee9d232e191a13a6c4420,towing.pangkep,Terbahlil bahlil🤣#bahlil #masbahlilganteng #fypシ #towingpangkep,42,1,1327,1,1,14.567,suara asli - 𝐑𝐡𝐲𝐭𝐡𝐦𝐰𝐨𝐫𝐝s🎧,𝐑𝐡𝐲𝐭𝐡𝐦𝐰𝐨𝐫𝐝s🎧,False,2026-06-03T11:16:39.000Z,https://www.tiktok.com/@towing.pangkep/video/7647126535513574676
tos-alisg-avt-0068/625066b6ae54f690f18af423e4e5e0cf,jeoooooxzhy,ha'ah laa🤪☝🏻 #mbg #fyp #masbahlilgantenggg #capcut ,91,8,1317,0,8,19.04,suara asli - stevhioooow,stevhioooow,False,2026-06-04T07:14:12.000Z,https://www.tiktok.com/@jeoooooxzhy/video/7647435140028845320
tos-alisg-avt-0068/4dcfbe10973760cda10fbc007ed7719c,mhrdikagustyy,mari bergoyang#goyangmbg #fyp#masukberandafyp ,62,2,1276,0,2,15.046,Mbg Mas Bahlil Ganteng,MR EWIK,False,2026-06-03T03:59:37.000Z,https://www.tiktok.com/@mhrdikagustyy/video/7647013898100477191
tos-alisg-avt-0068/71b9e6048f6def20da15c70e33551c8a,dikifazri96,kayak nya ga sabar anda mau jadi pendemo #fyp,54,1,1259,3,4,55.659,suara asli - DIKI FAZRI 96,DIKI FAZRI 96,False,2026-04-06T14:29:02.000Z,https://www.tiktok.com/@dikifazri96/video/7625653166708772116
tos-maliva-avt-0068/2ea9fa913f26111a36c7289803705b1f,mlblack.gaming,🍼🍼😱🫡 #mbgbermanfaatatutidak #mbg #viralvideo #edukasi #fypシ ,25,6,1238,4,4,148.867,suara asli - MLBlack GAMING,MLBlack GAMING,False,2026-05-06T09:49:03.000Z,https://www.tiktok.com/@mlblack.gaming/video/7636713566229237010
tos-alisg-avt-0068/8c13223cd5ef8d0ac7e0f3150249ff33,namasamaran862,JENIS BBM BERSUBSIDI HARGANYA TDK AKAN DI NAIKAN OLEH PEMERINTAH SAMPAI AKHIR TAHUN 2026 #infoterbaru #semuaorang  #infoterbaru ,95,0,1234,10,7,89.883,suara asli - Kepiting Alaska,Kepiting Alaska,False,2026-04-06T14:08:36.000Z,https://www.tiktok.com/@namasamaran862/video/7625647908750216455
tos-alisg-avt-0068/c66bdd17f86fe13e0fbcbb8bcd1c50e4,opettt_230,GANTENGNYA BAHLIL 🥰 #mbgbahlil #soundviral #foryoupage #fyppppppppppppppppppppppp #viral ,60,5,1231,5,13,31.881,suara asli - 𝘼𝙍𝙂𝘼 𝘽𝘼𝙒𝙊𝙇𝙀 ⚡,𝘼𝙍𝙂𝘼 𝘽𝘼𝙒𝙊𝙇𝙀 ⚡,False,2026-06-02T06:47:04.000Z,https://www.tiktok.com/@opettt_230/video/7646685931214310677
tos-useast2a-avt-0068-euttp/e7713eb27933bf4d33b849fa9b09cb16,haneefla,MBG Mas bahlil guaaanteng #mbg @Bahlil Lahadalia ,18,9,1231,3,1,14.6,Mbg Mas Bahlil Ganteng,MR EWIK,False,2026-06-04T02:12:08.000Z,https://www.tiktok.com/@haneefla/video/7647357281226558738
tos-alisg-avt-0068/3487fbd4b2ccfdca119f1b5c75d24d17,celestiamusic8,"MBG = My Bahlil Ganteng 🤤✨ Siapa sih yang nggak tergila-gila sama lagunya @vokaliz_netizen ini? Dari awal denger langsung nyangkut di kepala, liriknya aneh tapi beneran candu banget! Mulai dari ""Buah apa yang paling manis? BUAAAHLILLLL"", ""My little bolu ketan"", sampe yang ""Makin mirip Zayn Malik ihh"" 🤣🤣 Bener-bener jenius banget sih yang bikin ini, ngambil komenan netizen terus dibikin lagu sekece ini.   Katanya sih ini sempat salah paham dikit, ada yang ngira MBG itu Makan Bergizi Gratis, eh ternyata MASTERPIECE Bahlil Ganteng dong 😂. Tiap kali denger bagian ""Matikan kompor"", pasti langsung keinget semua kejadian lucu kemarin. Lagu ini bukti banget kalau kreativitas netizen emang nggak ada matinya, semuanya campur jadi satu: lucu, manis, agak genit dikit, tapi bikin senyum-senyum sendiri pas dengerin.   Kalau kamu tim ""Harta Takhta"" atau tim yang bilang ""Masakan sudah matang, Dinda memilih tidak memasak kanda"" nih? 🤣 Dijamin siapa aja yang denger bakal langsung hafal sendiri, nggak perlu dihafalin pun langsung nempel. Karya terbaik banget dari @vokaliz_netizen, makin hari makin keren bikin lagunya! Siapa yang udah nyanyi bareng dari awal sampe habis? Tulis di komen ya, mari kumpul bareng pecinta Mas Bahlil Ganteng 🫵🔥 #fyp #mbgmybahlilganteng #vokaliznetizen #laguviral #masbahlilganteng",17,0,1231,1,4,57.6,suara asli - ￴ ￴,￴ ￴,False,2026-05-29T12:55:42.000Z,https://www.tiktok.com/@celestiamusic8/video/7645296645353000200
tos-maliva-avt-0068/5e48b5ef9da6504796f603ee66916ed1,roinsafrowi,SPMB Bulu Ketan ~ ~ ~ #mbg #laguviral  #skata #punggur  #masbahlilganteng ,39,8,1230,0,0,15.1,Kanda My little Bolu Ketan,VOKALIZ_NETIZEN,False,2026-06-03T11:03:19.000Z,https://www.tiktok.com/@roinsafrowi/video/7647123057278029077
tos-alisg-avt-0068/7bc254d53527f5068bec463453b770a4,izulgod27,semoga fyp #tren#semogafyp#bahlilganteng #fyppppppppppppppppppppppp ,18,0,1202,4,1,27.5,Mbg Mas Bahlil Ganteng,MR EWIK,False,2026-05-31T17:10:43.000Z,https://www.tiktok.com/@izulgod27/video/7646104518530256135
tos-alisg-avt-0068/77dfff08e5dfe8d7af37609501b1aa7f,jopramchau22,#CapCut ,9,0,1195,0,1,26.634,suara asli - DuniaFilter,DuniaFilter,False,2026-06-03T12:33:43.000Z,https://www.tiktok.com/@jopramchau22/video/7647146397241806100
tos-alisg-avt-0068/d5e5fcd7b707da48741741bcaca3b304,likeyike2,likeyi jj versi lagu mbg mas bahlil ganteng#drachin lovers#fyp #foryou ,126,3,1189,8,12,15.001,suara asli - fans likeyi💫,fans likeyi💫,False,2026-06-02T09:25:57.000Z,https://www.tiktok.com/@likeyike2/video/7646726920163380501
tos-maliva-avt-0068/bda4e2bc6ebb5cdec29f740e59554dbf,kangulis_,BBM bersubsidi tidak akan mengalami kenaikan sampai akhir tahun  #bbmbersubsidi #kementriankeuangan #bapaaing #jawabaratistimewa ,86,5,1180,9,6,35.086,suara asli - S'Ulis66,S'Ulis66,False,2026-04-06T13:57:23.000Z,https://www.tiktok.com/@kangulis_/video/7625645011073322258
tos-alisg-avt-0068/49418d2d8f0e9aa73958526f3defe7b6,ekasentikawati,"Ngaku !! Kalian pasti terngiang""juga kan lagu MBG 😂#lagumbg #konten #homedecor #homeliving ",44,0,1164,2,0,16.881,suara asli - Mbuu N&z,Mbuu N&z,False,2026-05-27T08:13:55.000Z,https://www.tiktok.com/@ekasentikawati/video/7644481850282495252
tos-alisg-avt-0068/9ac7fb04cdf39dcafd3b161315057bb4,raja.murah.bayung,MBG  Mari borong gaiiss😍😍 #minangtiktok #tiktokseries #adahargaadakualitas #murahbukanberartiserba35❤️ ,23,2,1126,5,0,14.034,Kanda My little Bolu Ketan,VOKALIZ_NETIZEN,False,2026-06-04T02:22:40.000Z,https://www.tiktok.com/@raja.murah.bayung/video/7647359963106430226
tos-alisg-avt-0068/89f6cca818de8c4dafddb981faf752bf,ytmadzzkj,Bagian 1 | MBG Mas Bahlil Ganteng 🥰  #mbgmasbahlilganteng ,9,1,1103,3,1,15.256,suara asli - Madzz    KJ,Madzz    KJ,False,2026-05-31T23:40:09.000Z,https://www.tiktok.com/@ytmadzzkj/video/7646204858927811861
musically-maliva-obj/1594805258216454,isaacferjknt,"Lagu “Mas Bahlil Ganteng” yang viral di media sosial ternyata sampai juga ke telinga Bahlil Lahadalia. Menariknya, alih-alih tersinggung, Bahlil justru mengaku penasaran dan ingin bertemu langsung dengan pencipta lagu tersebut. Hal ini terungkap dalam momen bersama Raffi Ahmad saat menjalani ibadah haji, Jumat (29/5/2026). Bahlil bahkan menyampaikan niatnya untuk mengundang sang kreator makan bersama sambil berdiskusi. Ia juga menegaskan bahwa dirinya mendukung kreativitas, selama tetap berada dalam batas yang baik dan tidak menyinggung hal sensitif.",5,0,1069,1,0,7.849,suara asli - IsaacFerjknT,IsaacFerjknT,False,2026-06-02T03:07:47.000Z,https://www.tiktok.com/@isaacferjknt/video/7646629397872512270
tos-alisg-avt-0068/dfd60547835909ece72f54fb7e29bd3c,spotifyenjoyers,Buahlil 😭😭,37,1,1039,0,0,15.046,Mbg Mas Bahlil Ganteng,MR EWIK,False,2026-06-03T09:14:52.000Z,https://www.tiktok.com/@spotifyenjoyers/video/7647095145388707093
tos-alisg-avt-0068/452df49a23fe480baa865a1fec7291f0,6warga2,"Menteri Keuangan Purbaya Yudhi Sadewa memastikan harga BBM bersubsidi tidak akan naik hingga akhir 2026, meski harga minyak dunia berpotensi mencapai US$ 100 per barel. Pemerintah menyiapkan berbagai simulasi fiskal dan bantalan anggaran untuk menjaga stabilitas harga.⁣ ⁣ Baca terus investor.id dan unduh aplikasi Investor Daily di⁣ iOS dan App Store!⁣ ⁣ #investor  #PurbayaYudhiSadewa #BBMBersubsidi⁣ #bbm BBM #saatnyamajubersama ",63,2,1037,3,0,95.042,suara asli - WARGA+62,WARGA+62,False,2026-04-06T19:17:24.000Z,https://www.tiktok.com/@6warga2/video/7625727476018236690
tos-alisg-avt-0068/dde7c2630d54322449b4b3b8c1f28f9e,peachymei_sa,Mas bahlil ganteng🥰 #fyp #mbgbahlil ,110,2,1037,8,10,14.07,Kanda My little Bolu Ketan,VOKALIZ_NETIZEN,False,2026-06-04T11:43:25.000Z,https://www.tiktok.com/@peachymei_sa/video/7647504497992060181
tos-alisg-avt-0068/071788d2dcdf950ec41cced6039a9cfb,terasjajanandenpasar,Joind Trend lagu Mbg 😂 ,21,8,1017,4,2,21.013,Mbg Mas Bahlil Ganteng,MR EWIK,False,2026-05-29T06:21:40.000Z,https://www.tiktok.com/@terasjajanandenpasar/video/7645195095511272724
tos-alisg-avt-0068/ee669e93685640b9d6b1792f1f773564,younk126,lagu mbg  #fyppppppppppppppppppppppp ,10,2,988,1,2,60.14,suara asli - masnan Lombok,masnan Lombok,False,2026-06-02T11:10:07.000Z,https://www.tiktok.com/@younk126/video/7646753752954768660
tos-alisg-avt-0068/efb5538e464518fa4f9e8e92ac701822,emo.kentang,source tt: vokaliz_netizen  #bahlil #bahlillahadalia #mbg #fyppppppppppppppppppppp #fyp ,19,1,987,1,0,131.634,suara asli - EMO,EMO,False,2026-06-02T02:25:22.000Z,https://www.tiktok.com/@emo.kentang/video/7646618518728789268
tos-alisg-avt-0068/d5e433332ad42ed1f8bd690f3b0ef133,kobra_kapuk,Menteri Keuangan Purbaya Yudhi Sadewa memastikan pemerintah masih mampu memberikan subsidi bahan bakar minyak (BBM) dan tidak akan menaikkan harga BBM bersubsidi hingga akhir tahun 2026. #menkeu  #bbm ,45,3,980,0,1,104.084,suara asli - 🄺🄾🄱🅁🄰 🄺🄰🄿🅄🄺,🄺🄾🄱🅁🄰 🄺🄰🄿🅄🄺,False,2026-04-06T15:18:25.000Z,https://www.tiktok.com/@kobra_kapuk/video/7625665887185456404
tos-alisg-avt-0068/4160aa0b4f36672bf0d5be0d0acb47b7,lm.hasruladan,"POV : Tidak usah Panik, tidak usah timbun BBM.. 😁 #BBM #pertamina ",29,0,967,0,1,45.581,suara asli - Laode Muhammad Hasrul Adan,Laode Muhammad Hasrul Adan,False,2026-04-06T14:39:35.000Z,https://www.tiktok.com/@lm.hasruladan/video/7625655881182547220
tos-alisg-avt-0068/24ebda4aa0c0741a3fb57355879affc7,exlander00,mbg,10,0,901,3,1,19.203,Mbg Mas Bahlil Ganteng,MR EWIK,False,2026-06-04T02:50:12.000Z,https://www.tiktok.com/@exlander00/video/7647367098288753941
tos-useast2a-avt-0068-giso/7104547243247534107,antaramegapolitan,"Di Tengah Konflik Global, Menkeu Jamin BBM Subsidi Tetap Stabil Hingga Akhir Tahun Menteri Keuangan, Purbaya Yudhi Sadewa, menegaskan bahwa harga BBM bersubsidi dipastikan tetap aman dan tidak akan naik hingga akhir tahun, meski harga minyak dunia tengah bergejolak akibat eskalasi konflik global. Ia meminta masyarakat tidak perlu khawatir, karena pemerintah telah menghitung anggaran subsidi secara matang dan memastikan ketersediaannya tetap mencukupi. Namun, untuk BBM non-subsidi, pemerintah tidak bisa memberikan kepastian karena mengikuti mekanisme pasar dan tidak mendapat intervensi harga. Selain dari APBN, pemerintah juga memiliki cadangan dana lain untuk meredam tekanan, termasuk Sisa Anggaran Lebih (SAL) yang mencapai Rp420 triliun. #BBMSubsidi #HargaBBM #StabilitasEkonomi #BBM #KonflikGlobal",20,1,897,2,1,86.72,suara asli - ANTARA MEGAPOLITAN,ANTARA MEGAPOLITAN,False,2026-04-06T14:24:08.000Z,https://www.tiktok.com/@antaramegapolitan/video/7625651903275224340
tos-alisg-avt-0068/64c466fb6284fd63345fbf3b5201e6ec,faizzainollutjiaf,"Yahh.. BBM gak jadi naik, gak jadi deh komen deh. #beritaviral #bbm #minyak #sembako #iran ",24,6,883,3,1,214.8,suara asli - Pak is,Pak is,False,2026-04-06T14:10:27.000Z,https://www.tiktok.com/@faizzainollutjiaf/video/7625648379581861141
tos-alisg-avt-0068/4f1857ac8ca3f94a8e42253acddb3e7a,dacittemplate.ar,NEW TEMPLATE | MBG mas bahlil ganteng @𝙐𝙙𝙖 𝙅𝙚𝙚𝙥 • #masbahlilganteng #dacittemplate #mbg #stylekt🔫🔫 #templatecinematic @SANDIKAWEK @Donny Fernanda ,85,2,871,2,5,34.8,suara asli - DACIT TEMPLATE,DACIT TEMPLATE,False,2026-06-03T21:52:46.000Z,https://www.tiktok.com/@dacittemplate.ar/video/7647290423202909461
tos-alisg-avt-0068/fe4bfb38dedee79e97308dd595e97b55,widyarantiaulia,Gakuaatttt wkwkwk ternyata lagunya dari komenan netijen di akun vokaliz_netizen 😅 sekali dengar langsung hafal ,9,1,870,1,1,15.001,suara asli - 𝟙𝟠 𝔽𝕖𝕓𝕣𝕦𝕒𝕣𝕚,𝟙𝟠 𝔽𝕖𝕓𝕣𝕦𝕒𝕣𝕚,False,2026-05-24T04:17:48.000Z,https://www.tiktok.com/@widyarantiaulia/video/7643307747655666951
tos-alisg-avt-0068/80bed161e8abf2b82c0e6a27400024af,zent422,#ceritanetizen ,3,0,853,0,0,11.367,suara asli - Solopos Official,Solopos Official,False,2026-06-04T11:48:18.000Z,https://www.tiktok.com/@zent422/video/7647505781193018632
tos-alisg-avt-0068/e5e172e1d41f71cbf75e86ca2b51ac72,oz_zy29,🫪 AHAHAHAHHAH #mbglovers❤️ #emotionchallenge #bahlil #masbahlilganteng😅 ,32,20,850,3,0,29.934,suara asli - ziee,ziee,False,2026-06-04T06:09:02.000Z,https://www.tiktok.com/@oz_zy29/video/7647418326976695572
tos-alisg-avt-0068/4ff16710c22e2fdeecc4029e3d75d6cb,coretan.warga,"Wakil Ketua DPR RI Sufmi Dasco Ahmad mengimbau masyarakat untuk tidak panik karena stok BBM nasional dipastikan aman di tengah dinamika energi global. Kebijakan mandatori biodiesel B50 tetap menjadi langkah strategis untuk mengurangi ketergantungan impor sekaligus menjaga stabilitas pasokan energi dalam negeri. Di sisi lain, Menteri Pertanian Andi Amran Sulaiman mempercepat hilirisasi kelapa sawit menjadi B50 guna menghentikan impor solar hingga jutaan ton per tahun. Upaya ini diyakini mampu memperkuat kemandirian energi nasional, meningkatkan nilai tambah ekonomi, serta menjaga ketahanan ekonomi Indonesia di tengah gejolak global. Sumber : haisawit.co.id #sufmidasco #dondasco #AndiAmran #bbm #berita ",40,8,844,2,1,36.334,Dj Edamame Jayjax,Ryan A WDF,False,2026-04-07T09:44:10.000Z,https://www.tiktok.com/@coretan.warga/video/7625950853974822152
tos-alisg-avt-0068/fbb1356af92f37cd4e9bd8a540c50901,faa.4868,#mbgindonesia #masbalilganteng #masukberanda #fypage ,17,4,843,9,2,17.555,Mbg Mas Bahlil Ganteng,Libbie Cupps,False,2026-06-03T04:29:14.000Z,https://www.tiktok.com/@faa.4868/video/7647021539698674964
tos-alisg-avt-0068/6b6d5801ef7e0b361aab16f30b74684c,naomicaricuan,My little bolu ketan @bahlil Lahadalia 🥰🥰 Jangan lupa follow Naomi ya 😘😘 #jogetviral #fypシ #foryou ,97,1,836,2,5,14.118,suara asli - Clarisa Cari Cuan ✅💸,Clarisa Cari Cuan ✅💸,False,2026-06-04T01:37:18.000Z,https://www.tiktok.com/@naomicaricuan/video/7647348289188285716
tos-useast2a-avt-0068-giso/b548a4f8973c849c7a658067577cb645,yuuuuiiiii06,mbg | mas bahlil ganteng                                                 ib : @taylor.mantooth                                            #mbg #bahlil #virall ,9,44,833,1,0,15.024,Mbg Mas Bahlil Ganteng,MR EWIK,False,2026-06-02T06:40:37.000Z,https://www.tiktok.com/@yuuuuiiiii06/video/7646684303677492498
tos-alisg-avt-0068/11e0507430c23b8405fc7f36e475893b,dion.aja78,Lagu Viral MBG! Mas Bahlil Ganteng. #soundmbg  #masbahlilganteng  #tiktokviral ,13,0,806,1,0,10.008,suara asli - KOMPASTV_JEMBER,KOMPASTV_JEMBER,False,2026-05-31T05:41:01.000Z,https://www.tiktok.com/@dion.aja78/video/7645926776430021896
tos-alisg-avt-0068/35f24664f698c942e7ba02d8f62ebb49,enny_1384,Kalo mau ngundang kayaknya senetizennn tiktok deh pak karna liriknya komen2 dari warga tiktok yg dibuat jd lagu oleh tt : vokaliz_netizen #mbg #lagumbg #mbgmasbahlilganteng #CapCut ,6,0,796,1,1,19.767,suara asli - El vina,El vina,False,2026-05-30T03:03:32.000Z,https://www.tiktok.com/@enny_1384/video/7645515110303272210
tos-alisg-avt-0068/fa15aa22bd9e267865852765e5f37de7,_itsfannd,gini ya trendnya? @buahhliill.. #masbahlil ,34,7,782,7,3,10.843,suara asli - 🅰️NTIM🅾️ 🦂 대한민국,🅰️NTIM🅾️ 🦂 대한민국,False,2026-06-04T05:03:13.000Z,https://www.tiktok.com/@_itsfannd/video/7647401361948085522
tos-alisg-avt-0068/e8e5eede441063200b6d428c00536702,dhot.design.74_ml,mbg masbahlilganteng  #MBG #masbahlilganteng #Bahlil #fyp #fy? ,8,30,773,3,2,15.442,suara asli - ƙɛƴƴ_ąĵąąą,ƙɛƴƴ_ąĵąąą,False,2026-06-04T04:08:50.000Z,https://www.tiktok.com/@dhot.design.74_ml/video/7647387337026047253
tos-alisg-avt-0068/a1114f221245dc87ead6f5511b65b432,mayor08min,Alhamdulillah BBM aman 2026 tidak naik aman Indonesia maju hebat. #FYP  #indonesia🇮🇩  #2026  #dkijakarta  #sukses ,75,5,767,6,4,169.7,suara asli - Mayor Min love,Mayor Min love,False,2026-04-06T16:32:38.000Z,https://www.tiktok.com/@mayor08min/video/7625685022296591623
tos-alisg-avt-0068/662ec50861ee9a54beb1768d3ce42497,tonikepo,#warkop kepo lagi hit tren mbg cah,25,54,757,2,1,17.067,Kanda My little Bolu Ketan,VOKALIZ_NETIZEN,False,2026-06-01T23:32:32.000Z,https://www.tiktok.com/@tonikepo/video/7646573675407265025
tos-alisg-avt-0068/7419089aa250cebce21731eea85a6452,zky.eftn,Mas Bahlil Ganteng  #fypシ #bahlil #tren ,13,0,744,0,0,17.276,Mbg Mas Bahlil Ganteng,Libbie Cupps,False,2026-06-02T15:30:17.000Z,https://www.tiktok.com/@zky.eftn/video/7646820812737023252
tos-alisg-avt-0068/55884bd98d4874d3486d0c3b9fe498d0,tataapriciliaa,,80,2,741,1,1,15.0,Mbg Mas Bahlil Ganteng,MR EWIK,False,2026-06-04T08:07:08.000Z,https://www.tiktok.com/@tataapriciliaa/video/7647448771592326420
tos-alisg-avt-0068/b012258b002c92319826edc49b587a90,jangarip02,bbm tidak naik bos. menteri keuangan yang bicara. jadi tidak tambah sulit lagi ekonimi kita. #bbm #bbmnaik #bbmtidaknaik #menterikeuangan #purbaya ,29,0,731,0,4,35.72,suara asli - jangarip02,jangarip02,False,2026-04-06T13:59:19.000Z,https://www.tiktok.com/@jangarip02/video/7625645510480645396
tos-alisg-avt-0068/aa4dc6660b1671e9882d0178f97ec376,reciboss_,awwww.. 😍🤩😅🤣 #laguviral #masbahlilganteng #bahlil #soundviral #viraltiktok ,23,6,727,11,1,30.14,suara asli - RECIBOSS,RECIBOSS,False,2026-05-28T00:38:43.000Z,https://www.tiktok.com/@reciboss_/video/7644735621604363527
tos-alisg-avt-0068/c6c97898ef01db00221f9b754fca4b49,matcha.pink77,MBG? #trend #lagumbg #mbg #masbahlilganteng #fyp ,7,0,716,0,0,13.588,Kanda My little Bolu Ketan,VOKALIZ_NETIZEN,False,2026-05-31T05:00:46.000Z,https://www.tiktok.com/@matcha.pink77/video/7645511182169820436
tos-alisg-avt-0068/84cdac5138db09228e89bdc8a5fe54c6,cita2sugih,Lagu mendunia 🤣🤣🤣. #MBG ,23,0,712,4,0,18.2,suara asli - Qy_fly,Qy_fly,False,2026-06-04T03:29:07.000Z,https://www.tiktok.com/@cita2sugih/video/7647377110222343431
tos-maliva-avt-0068/49e549f48344c19403b9161e9b88316c,romizahmarta,#babymatch  #gamestiktok #laguviral  #mbglovers❤️ ,5,0,703,0,0,16.487,Kanda My little Bolu Ketan,VOKALIZ_NETIZEN,False,2026-05-30T04:33:49.000Z,https://www.tiktok.com/@romizahmarta/video/7645538362434030869
tos-alisg-avt-0068/848d38b9a3b0605854bd804db7f919fc,abangblack98,"Menteri Keuangan Purbaya Yudhi Sadewa memastikan harga BBM bersubsidi tidak akan naik hingga tahun 2026. Pernyataan ini disampaikan dalam rapat bersama Komisi XI DPR dan langsung disambut tepuk tangan dari anggota dewan. Pemerintah mengklaim sudah siap menghadapi skenario harga minyak dunia hingga USD 100 per barel tanpa menaikkan harga BBM subsidi. Namun, kepastian ini hanya berlaku untuk BBM bersubsidi, sementara BBM non-subsidi tidak termasuk dalam jaminan tersebut. Apakah kebijakan ini benar-benar aman untuk jangka panjang? Tonton sampai habis dan tulis pendapat kalian di kolom komentar! #tiktoknews #beritaterkini #dpr #menterikeuangan #purbaya ",2,0,690,0,0,85.234,suara asli - Abang Black,Abang Black,False,2026-04-06T14:55:31.000Z,https://www.tiktok.com/@abangblack98/video/7625659993915673877
tos-maliva-avt-0068/d8fffcc12cdd6d59185b049ad5c10f70,nanda_ardani,Alhamdulilah.. Mekeu Pak Purbaya menjelaskan masyarakat Indonesia tidak perlu takut harga BBM satu tahun ke depan tidak naik. #prabowosubianto #rakyatindonesia #purbayayudhisadewa #gibranrakabuming #fyp ,45,0,685,2,5,45.581,Breaking News,Voxie,False,2026-04-07T03:34:12.000Z,https://www.tiktok.com/@nanda_ardani/video/7625855479545203976
tos-alisg-avt-0068/5b8d71d0e8c6d00ba5ffc5b228ee5ffb,updateteruss2,"Update BBM: Stok aman, harga tetap stabil! ⛽✅ Pemerintah & DPR tegaskan nggak ada rencana kenaikan harga BBM dalam waktu dekat. Fokus utama saat ini adalah menjaga daya beli masyarakat & stabilitas ekonomi nasional di tengah tekanan global. Tetap tenang dan produktif, Sobat! 🚀 #BBM #UpdateEkonomi #InfoTerkini #StabilitasEnergi #Indonesia",1,0,679,0,0,5.0,Kanda My little Bolu Ketan,VOKALIZ_NETIZEN,False,2026-04-06T14:00:02.000Z,https://www.tiktok.com/@updateteruss2/video/7625645693662743828
tos-alisg-avt-0068/abf4644819de966151e524ad49435044,raniitriiana,When lagu ini terngiang-ngiang @vokaliz_netizen  #MBG #buahlil #masbahlilganteng  #netizen #mylittleboluketan ,9,0,679,3,1,24.134,suara asli - Mamanii,Mamanii,False,2026-05-24T08:56:16.000Z,https://www.tiktok.com/@raniitriiana/video/7643379506299899154
tos-alisg-avt-0068/1bb0802cccf80a707a7a60171b586dca,semesta.merah.put2,"⚡️ Ini bukan sekadar angka. Ini soal kemandirian energi Indonesia. Atas arahan Presiden Prabowo Subianto, pemerintah resmi menetapkan kebijakan besar: ⛽ Penerapan B50 mulai berlaku 1 Juli 2026 📉 Target pengurangan BBM fosil sebanyak 4 juta kilo liter per tahun Setelah sekian lama bergantung pada fosil, akhirnya kita punya langkah konkret. Potensi penghematan subsidinya? 💰 Sekitar Rp48 triliun. Dan ini langkah strategis yang sangat krusial. Pertamina sudah siap melakukan blending secara masif. Di tengah situasi geopolitik global yang makin tidak menentu, Indonesia tidak mau diam saja kita ambil kendali. Karena kemandirian bukan cuma soal slogan, tapi soal keberanian memangkas ketergantungan. 🇮🇩",29,0,673,2,0,50.156,suara asli - Shelby Company,Shelby Company,False,2026-04-07T05:01:06.000Z,https://www.tiktok.com/@semesta.merah.put2/video/7625877907293932807
tos-useast2a-avt-0068-euttp/7359657925526192161,surolintaswaduk,"Masih Bersama  ARKA ( Arikarya ) Babakan Mancing  Bersama Bosnya Alat Berat ,Arka internet ,Arka Contrukcion & ARkA MBG #arkanet #surolintaswaduk #Hiburan ",27,0,671,3,0,62.137,suara asli - surolintaswaduk,surolintaswaduk,False,2026-06-04T11:15:43.000Z,https://www.tiktok.com/@surolintaswaduk/video/7647497377124764949
tos-alisg-avt-0068/2c41bd8ee775f5b07fa00e24bc93a403,eliasanak,haha😁 #tiktokdance #tiktokviral #musikviral ,98,1,664,1,4,15.14,suara asli - elisi,elisi,False,2026-06-04T04:00:10.000Z,https://www.tiktok.com/@eliasanak/video/7647167837152234759
tos-alisg-avt-0068/797b1a2ff00b9f914922fe51a692bd8a,tito73sib,MBG #dj #remix #trending #edits #cover,88,2,661,10,10,109.343,suara asli - Tito S.,Tito S.,False,2026-06-04T02:48:18.000Z,https://www.tiktok.com/@tito73sib/video/7647366605944442132
tos-useast2a-avt-0068-euttp/48229f22c3b533a64262eac52ca15d8d,yasminanisah91,"Apresiasi DPR terhadap keputusan pemerintah yang tidak menaikkan harga BBM per 1 April 2026, baik subsidi maupun nonsubsidi. Anggota Komisi VI DPR Mufti Anam menilai kebijakan itu membantu menjaga daya beli masyarakat dan stabilitas ekonomi nasional di tengah tekanan global, termasuk lonjakan harga minyak mentah dan konflik di Timur Tengah. #fyp #pertamina ",29,1,658,1,0,48.0,Epic Music,DM Production,False,2026-04-06T20:30:49.000Z,https://www.tiktok.com/@yasminanisah91/video/7625746390014053650
tos-alisg-avt-0068/9d5200e228f09c22b788b29d4c5a7c03,hennymaleeka,MBG (Mas Bahlil Ganteng)😄🤭#CapCut #mbg #fyp #tren #laguviral ,15,3,656,2,4,46.9,suara asli - gambare!!,gambare!!,False,2026-05-24T23:40:17.000Z,https://www.tiktok.com/@hennymaleeka/video/7643607298195197202
tos-alisg-avt-0068/8db0359fc8a8ba96265b1269231329d0,febrian.lumban.tobing,DIGIDIGI HEM #BAHLIL #bahlillahadalia #DADAN #mbg #MBG ,16,5,656,0,0,28.534,suara asli - 𝙵𝚎𝚋𝚛𝚒𝚊𝚗 𝙻 𝚃𝚘𝚋𝚒𝚗𝚐,𝙵𝚎𝚋𝚛𝚒𝚊𝚗 𝙻 𝚃𝚘𝚋𝚒𝚗𝚐,False,2026-06-04T05:11:44.000Z,https://www.tiktok.com/@febrian.lumban.tobing/video/7647403552775654663
tos-alisg-avt-0068/e5e5f5a905d8aff3e2c724b9c79f9d72,fashion.by.hadhori,Dampak MBG #dampakmbg #mbg #soundmbg #buahapayangpalingmanis #buahlil ,6,0,656,0,0,23.2,Mbg Mas Bahlil Ganteng,Libbie Cupps,False,2026-06-02T03:40:37.000Z,https://www.tiktok.com/@fashion.by.hadhori/video/7646637905590439189
tos-alisg-avt-0068/f636efb3a5a534c31ba5ac00e2a91933,tatapgayaojan,Replying to @do i know u? Ini gw masih blm serius ye klo serius beda cerifa ,53,3,655,3,1,30.9,suara asli - Tatap Gaya Ojan,Tatap Gaya Ojan,False,2026-06-04T10:20:22.000Z,https://www.tiktok.com/@tatapgayaojan/video/7647483114431728917
tos-alisg-avt-0068/429cfa92cb5c755bc5c6a961cad984a8,markun_barbar,Abang Bian coba nyanyiin lagu yang lagi tren. MBG! #lagumbg #mbg #lucu #ngakak #kocak ,13,0,654,0,0,15.44,suara asli - 🔥MARKUN BARBAR🔥,🔥MARKUN BARBAR🔥,False,2026-06-04T02:30:28.000Z,https://www.tiktok.com/@markun_barbar/video/7647361991102811412
tos-alisg-avt-0068/badf78cdd474b6193e99b3601bd3aa87,gresik.media,"Dalam Rapat Kerja bersama Komisi XI DPR RI di Jakarta,Senin (6/4). Menteri Purbaya menyampaikan, “Siap Tidak Menaikkan Harga BBM Bersubsidi Sampai Akhir Tahun 2026, Dengan Asumsi Harga Minyak Dunia 100 Dollar As Per Barell Sudah Dihitung  Rata - Rata”. Menteri Purbaya Menghimbau masyarakat agar tidak usah ribut dan takut karena pemerintah sudah menghitung anggaran subsidinya sudah cukup. Selain bersumber dari APBN, Menkeu menyatakan Pemerintah masih punya sumber dana lain guna mengantisipasi lonjakan harga minyak dunia, salah satunya adalah Dana Sisa Anggaran Lebih (DSAL) yang nilainya sampai Rp. 420 Triliun, termasuk penempatan Rp. 200 Triliun di perbankan. Semoga apa yang disampaikan Menkeu Purbaya ini beneran ya rekk 🤲🏻😊 Source 🎥: YT/TVR Parlemen Source 📰: Kompas.tv #gresiktiktok #gresikmedia #gresik #gresiknyel #gresik24jam ",43,1,650,2,5,49.086,suara asli - Gresik.Media,Gresik.Media,False,2026-04-06T23:45:05.000Z,https://www.tiktok.com/@gresik.media/video/7625796454744853781
tos-alisg-avt-0068/21dfdd68555b2e36af7213989f942aa9,luustecu91,Jeje lagi 🤏😼 Elbie sini #creatorsearchinsights  #pekalogan24jam🏴‍☠️  #moots1menityanglalu ,74,8,638,69,5,22.5,suara asli - Luustecu🫧🫆,Luustecu🫧🫆,False,2026-06-04T05:18:00.000Z,https://www.tiktok.com/@luustecu91/video/7647405191943228692
tos-maliva-avt-0068/ac09545263607e1009fc5599c40a7aa3,gabriellavickyy,Edukasi Lagu MBG sedari dini 🤣  #mbg #viraltiktok #videolucu #edukasi ,30,1,637,4,1,26.634,suara asli - LAVIC SHOP,LAVIC SHOP,False,2026-05-29T05:06:15.000Z,https://www.tiktok.com/@gabriellavickyy/video/7645175657760099604
tos-alisg-avt-0068/6abb44a6631fb00cddb9baf08737eb1e,ytta_arzly,seasik itu yah vibes dulu 🫀 #fypシ #masukberanda #dirumahaja #vibesold ,60,1,633,3,0,16.767,suara asli - ytta = yg tupai tupai aja 😹,ytta = yg tupai tupai aja 😹,False,2026-04-04T15:14:34.000Z,https://www.tiktok.com/@ytta_arzly/video/7624922726091836692
tos-alisg-avt-0068/528806f1f7f29f63b1024d5865e4e5ae,huyanonline,mbg mas bahlil ganteng trend  #MasBahlilGanteng #BahlilTrend #FYPIndonesia #ViralTikTokIndonesia  #TikTokTrend ,12,0,632,0,0,15.04,suara asli - dee 💛 you,dee 💛 you,False,2026-06-02T07:32:10.000Z,https://www.tiktok.com/@huyanonline/video/7646697596102118664
tos-alisg-avt-0068/e32bb558a1b43a6d29dd60df4ed1fecf,kelas6_rabiezz,"anggp en sk blm lulus🥰, gmw psh kro akun inie mmin#promomakanharian #fyp #elitecees🥴🤙 #gasukaskip📵 ",28,20,627,12,2,9.939,suara asli - 𝐂𝐋𝐀𝐒 𝐒𝐈𝐗 𝐌𝐈𝐃𝐄𝐇𝐀💥,𝐂𝐋𝐀𝐒 𝐒𝐈𝐗 𝐌𝐈𝐃𝐄𝐇𝐀💥,False,2026-06-04T03:16:22.000Z,https://www.tiktok.com/@kelas6_rabiezz/video/7647373803315645717
tos-alisg-avt-0068/8291a7267455cdff6fe6a3966d538a89,garudatvnews,"Pemerintah memberikan kepastian hukum dan ekonomi bagi seluruh masyarakat Indonesia terkait harga energi nasional.  Menteri Koordinator Bidang Perekonomian, Airlangga Hartarto, secara resmi mengumumkan bahwa harga Bahan Bakar Minyak (BBM) bersubsidi jenis Pertalite dan Bio Solar dipastikan tidak akan mengalami kenaikan hingga akhir tahun 2026. Kebijakan strategis ini merupakan tindak lanjut langsung dari arahan Presiden dalam upaya menjaga stabilitas ekonomi nasional.  Di tengah dinamika harga energi global yang kian fluktuatif akibat situasi geopolitik, pemerintah memilih langkah untuk memperkuat bantalan sosial bagi masyarakat. ""Pemerintah memastikan harga BBM bersubsidi, yakni Pertalite dan Bio Solar, tidak akan mengalami kenaikan hingga akhir tahun 2026,"" tegas Airlangga Hartarto dalam konferensi pers yang digelar di Jakarta.  Caption | Admin: T | FR  #bbm2026  #hargabbm  #airlanggahartarto  #bbmsubsidi  #pertalite",16,0,621,0,2,70.145,suara asli - Garuda TV,Garuda TV,False,2026-04-06T15:45:00.000Z,https://www.tiktok.com/@garudatvnews/video/7625663771398343956
tos-alisg-avt-0068/dd51c4f74487c2ff86ce83a2a8f68354,februalyawardana8,#mbgmasbahlilganteng#fyppppppppppppppppppppppp #fyppppppppppppppppppppppp #fypシ゚ #fyppppppppppppppppppppppp ,6,0,619,0,1,10.821,suara asli - FrainzLyrics,FrainzLyrics,False,2026-06-03T00:19:59.000Z,https://www.tiktok.com/@februalyawardana8/video/7646957312321572114
tos-alisg-avt-0068/a2a408e992a0a728239f68f130c50b33,s3361935,#lagu #mbgmasbahlilganteng #masukberanda #fyp,16,1,619,1,0,15.072,suara asli - Sₐ𝘴ᵤ𝓴ₑ,Sₐ𝘴ᵤ𝓴ₑ,False,2026-06-02T05:38:21.000Z,https://www.tiktok.com/@s3361935/video/7646668241296805141
tos-maliva-avt-0068/f1e9f2b60fb06d7d777af9fa69be9b48,helenseptianii,Awww #mbg ,52,0,612,0,3,19.267,Mbg Mas Bahlil Ganteng,MR EWIK,False,2026-06-04T11:03:22.000Z,https://www.tiktok.com/@helenseptianii/video/7647494200350510357
tos-alisg-avt-0068/43248291439ef1ff0fe25f07d13abc4b,aamiji_1212,MBG Mas Bahlil Ganteng 😁😁😁 #mbg #duet #viral #comedy #masbahlilganteng,8,0,600,0,1,20.109,Mbg Mas Bahlil Ganteng,MR EWIK,False,2026-06-03T06:12:49.000Z,https://www.tiktok.com/@aamiji_1212/video/7647048219301645576
tos-alisg-avt-0068/c0cb027a22d0e626d8008689d376f8f0,batubengkungbeach,Bersama anak anak MBG #batubengkungbeach #sunset #pantaiwediklopo #masbahlilganteng ,29,11,587,3,2,12.334,suara asli - 𝙈𝘼𝙎 𝙃𝙊𝙃𝙊 ᖳᖰ,𝙈𝘼𝙎 𝙃𝙊𝙃𝙊 ᖳᖰ,False,2026-06-04T11:27:15.000Z,https://www.tiktok.com/@batubengkungbeach/video/7647500359694306581
tos-alisg-avt-0068/2f1410a0600887b1d852f6d49c9ff921,riskyh06,Siapa yang nyiptain lagu ini?🫴🤣#mbg #firaltiktok🔥🔥🔥✌️ #fypシ゚viral ,29,0,564,3,1,14.837,suara asli - Ren✨,Ren✨,False,2026-06-03T05:55:08.000Z,https://www.tiktok.com/@riskyh06/video/7647043679777017109
tos-alisg-avt-0068/bd23877cdfe3cd2c677961ab6017a999,wak.uden.merinding,#public ,16,4,537,5,2,106.734,suara asli - B.S.E@ONSKY,B.S.E@ONSKY,False,2026-04-06T16:04:45.000Z,https://www.tiktok.com/@wak.uden.merinding/video/7625677834400320789
tos-alisg-avt-0068/f38089609476522aded3f8922e5e5e92,via.mulia,Mbg MAs BaHLIl ganTEngg😭😭,17,1,534,1,1,13.977,suara asli - 🅰️NTIM🅾️ 🦂 대한민국,🅰️NTIM🅾️ 🦂 대한민국,False,2026-05-28T10:26:01.000Z,https://www.tiktok.com/@via.mulia/video/7644886979938700552
tos-alisg-avt-0068/f84ec575244e9bd94a81f85e4c70077e,nengglastri3,lagu kesukaan adik#viraltiktok #anaklucu #anak #mbg #laguviral ,6,0,529,0,0,31.138,suara asli - Lihatllah Ini,Lihatllah Ini,False,2026-06-03T06:41:34.000Z,https://www.tiktok.com/@nengglastri3/video/7647055624030899477
tos-alisg-avt-0068/09f9ec33ae8c3ad5110356b50b9ab223,cashflowchronicles07,"Pemerintah memastikan harga BBM subsidi tetap stabil hingga akhir tahun, meski tekanan global meningkat akibat konflik di Timur Tengah. Dalam rapat dengan DPR, Menteri Keuangan Purbaya Yudhi Sadewa menyebut pemerintah sudah menyiapkan berbagai skenario, termasuk jika harga minyak dunia tembus US$100 per barel. Dukungan anggaran seperti SAL ratusan triliun dan efisiensi belanja jadi andalan untuk menjaga APBN dan daya beli masyarakat. Namun, Jusuf Kalla punya pandangan berbeda. Ia mengusulkan kenaikan harga BBM sebagai langkah jangka panjang yang lebih aman. Menurutnya, mempertahankan subsidi berisiko memperlebar defisit dan menambah utang negara. Meski berpotensi memicu protes, ia yakin kebijakan ini bisa diterima jika dijelaskan secara transparan, sekaligus mendorong masyarakat lebih hemat energi. Sumber Ig: @nowdotsofficial ",15,0,527,1,1,22.68,suara asli - Cashflow Chronicles,Cashflow Chronicles,False,2026-04-06T15:39:37.000Z,https://www.tiktok.com/@cashflowchronicles07/video/7625671349771472149
tos-alisg-avt-0068/a273375f1540032f6df3232d480171d7,wawanmatasik,Pliss siapa sih yg bikin ni lagu😭 #fyp #mbg #masbahlilganteng ,18,17,525,1,0,15.0,suara asli - Wawan Matasik,Wawan Matasik,False,2026-06-02T13:43:12.000Z,https://www.tiktok.com/@wawanmatasik/video/7646793208583834888
tos-alisg-avt-0068/e9d864a142caca5dc94e9f9fa9de35ce,hady_262,"#creatorsearchinsights #Menkeu Purbaya yudi sadewa mengata kan BBM bersubsidi aman sampai akhir tahun, itu iya sampai kan di depan komisi Xl , naik nya minyak dunia dampak dari perang iran istrael dan amerika, sehingga terganggu nya pasokan minyak melalui selat houmus yang mana itu wilayah iran membuat kapal² tengker sulit beroperasi.",30,0,502,3,3,72.679,suara asli - hdy stg,hdy stg,False,2026-04-06T15:50:43.000Z,https://www.tiktok.com/@hady_262/video/7625674229379304711
tos-alisg-avt-0068/9b8620d5feefc791d12c78d4a4c36c3f,umi.barsyad.02,🥹🥹semangat para pejuang Rupiah @vokaliz_netizen  #netizenindonesia #netizentiktok ,26,0,488,0,0,146.5,suara asli - umi barsyad 02,umi barsyad 02,False,2026-05-27T06:40:00.000Z,https://www.tiktok.com/@umi.barsyad.02/video/7644457655578152210
tos-alisg-avt-0068/ca4ca7fbf92f92d209e22934fc9aa877,ullldaa,mbg🍽 #dcvelocityterbarutiktok2026 #mbg #masbahlilganteng #buahlil @Boh💨 ,21,0,485,0,0,14.92,suara asli - ulllll,ulllll,False,2026-06-04T00:30:36.000Z,https://www.tiktok.com/@ullldaa/video/7647331120186477844
tos-alisg-avt-0068/cabbaf530ee5787c82908752fa46a3ce,iyansyah11,Lagu MBG 😁 #MBG #mbgcore #lagumbg ,7,0,482,0,0,16.2,suara asli - Mubarak Bakery Ponorogo,Mubarak Bakery Ponorogo,False,2026-04-16T06:41:23.000Z,https://www.tiktok.com/@iyansyah11/video/7629243491637349653
tos-alisg-avt-0068/9d8f038a2482d2f783f7748ad794ef0b,hesti_lovers,Mas bahlil ganteng 🤣 #challenge #mbg #masbahlilganteng #embege #fyp,44,0,480,2,1,14.143,suara asli - Hesti Purwanti,Hesti Purwanti,False,2026-06-04T06:00:00.000Z,https://www.tiktok.com/@hesti_lovers/video/7645522556962753810
tos-alisg-avt-0068/4144a504d0bce6876a6a24f5d5bead94,djemuur,Mbg artinyaaaa 🫵🥴,49,0,462,1,4,15.069,Mas Bahlil Ganteng - Thailand Style Remix,DJEMUUR,False,2026-06-04T09:21:33.000Z,https://www.tiktok.com/@djemuur/video/7647467959966911764
tos-alisg-avt-0068/06104037b0e3a7dcf076f3857d3eabf7,rikisantara09091986,mas bahlil ganteng #mbg #masbahlilganteng #bahlil #bahlilcore ,5,1,458,1,1,63.167,Kanda My little Bolu Ketan,VOKALIZ_NETIZEN,False,2026-05-27T13:29:31.000Z,https://www.tiktok.com/@rikisantara09091986/video/7644563183834877202
tos-alisg-avt-0068/4905a75d2735239f2514ff9586aa4e1b,ibrohimharahap2310,Udah hafal nih #mbg #laguviral #4u ,16,0,456,0,0,15.069,suara asli - IG : ibrohimharahap2310,IG : ibrohimharahap2310,False,2026-05-25T03:14:59.000Z,https://www.tiktok.com/@ibrohimharahap2310/video/7643662615377431829
tos-alisg-avt-0068/6c503fc0d3a68ed1536b45888d111460,vash.artois,Vokaliz_netizen-my little bolus ketan #heartopiapiano #heartopia #MBG,25,5,437,11,3,75.84,suara asli - vash.roux,vash.roux,False,2026-06-03T02:24:47.000Z,https://www.tiktok.com/@vash.artois/video/7646989466229345544
tos-alisg-avt-0068/58e4d2f06d1090c9196aceef4e28cffb,puji_mufti,"Ditengah kesibukan hari libur, gak papa ya ikut trend lagu MBG... Semangat 💪😍 #mbg  #laguviral  #masbahlilganteng ",21,0,431,4,0,14.211,"suara asli - Aisyah Cihuy, Hk","Aisyah Cihuy, Hk",False,2026-05-30T06:20:03.000Z,https://www.tiktok.com/@puji_mufti/video/7645565760546278677
tos-alisg-avt-0068/b2919f243c16a80be5f65fa74aec0c37,indrikamano,Mas bahlil ganteng #fyp #bahlil #mbg #dance #fypシ ,9,0,419,0,0,13.443,suara asli - Paris Pernandes,Paris Pernandes,False,2026-06-03T11:31:52.000Z,https://www.tiktok.com/@indrikamano/video/7647130455522741524
tos-alisg-avt-0068/d64ce775e8da2a7a12200f1dc5854d79,n0839jsso,masa pelanggaran lagi🤬 | up ulang tdi pelanggaran #bahlilganteng #mbglovers❤️ #fyp ,13,0,413,0,0,14.967,Mbg Mas Bahlil Ganteng,MR EWIK,False,2026-06-03T12:30:15.000Z,https://www.tiktok.com/@n0839jsso/video/7647145506405174549
tos-alisg-avt-0068/aaddf7be59ff4fdf06ff2b967f46a167,nurjaenuri5,#fyp #beranda #mbg#bahlilganteng ,3,1,411,0,0,15.267,Mbg Mas Bahlil Ganteng,MR EWIK,False,2026-05-29T11:08:24.000Z,https://www.tiktok.com/@nurjaenuri5/video/7645268982605319432
tos-alisg-avt-0068/bd4832dba683a123d49f62d893510b6f,anang.vht,Ikut-ikutan aaah #pyf #MBG #trend #viral ,6,0,411,0,0,59.123,suara asli - masnan Lombok,masnan Lombok,False,2026-06-02T13:30:13.000Z,https://www.tiktok.com/@anang.vht/video/7646789876905512212
tos-alisg-avt-0068/4bc544179792b83a351e186820a9dfc4,agusnugroho0016,MBG #vokaliz_netizen #MBG,11,0,406,1,0,32.034,suara asli - HARYANG BAKTI,HARYANG BAKTI,False,2026-05-28T01:25:38.000Z,https://www.tiktok.com/@agusnugroho0016/video/7644747711094295829
tos-maliva-avt-0068/2169786a337b11814bfd0d7cace36430,pijay298,Lagu mbg hela barudak ah naga na ker cicing #mbg  #dance #buahlil #fyp ,8,1,397,1,0,15.0,Mbg Mas Bahlil Ganteng,MR EWIK,False,2026-06-04T10:22:26.000Z,https://www.tiktok.com/@pijay298/video/7647483641383095572
tos-alisg-avt-0068/46fc0ba9e1b29aaec6b35ce2e845bc1a,sushicroffl3,SUSAH DEMI APAPUN ,17,1,395,3,0,14.191,Kanda My little Bolu Ketan,VOKALIZ_NETIZEN,False,2026-06-03T11:03:58.000Z,https://www.tiktok.com/@sushicroffl3/video/7647123229324332306
tos-alisg-avt-0068/ca5fd7073f4ee62554c6811f59fd0371,aku.dhaniya,Lagu nya udah masuk ke kalbu !! btw selamat makan guyss #makanenak #creatorsearchinsights #mbg ,14,0,394,0,0,16.3,Kanda My little Bolu Ketan,VOKALIZ_NETIZEN,False,2026-05-30T11:28:28.000Z,https://www.tiktok.com/@aku.dhaniya/video/7645645231089552661
tos-maliva-avt-0068/2ce959862117c965594114743614ad53,febrilia.ayu,lagunya makin kesini makin makin 🤣🗣️ #masbahlilganteng #fyppppppppppppppppppppppp #mbg ,7,0,381,8,0,15.72,suara asli - Ody 🌼🐬,Ody 🌼🐬,False,2026-05-25T02:31:04.000Z,https://www.tiktok.com/@febrilia.ayu/video/7643651314416667924
musically-maliva-obj/1594805258216454,enampuluhdetikkeb,"Benarkah Harga Murah Picu Konsumsi Makin Boros? Harga makin terjangkau, tapi pengeluaran justru makin tak terasa. Fenomena ini bukan sekadar kebetulan diskon, promo, dan kemudahan akses belanja perlahan mendorong pola konsumsi yang lebih impulsif. Baca berita selengkapnya di @Inspirasi_nusantara.id #BBM #jusufkalla #subsidienergi",6,0,374,1,0,12.916,suara asli - EnamPuluhDetikKebijakan,EnamPuluhDetikKebijakan,False,2026-04-06T15:31:44.000Z,https://www.tiktok.com/@enampuluhdetikkeb/video/7625669338464292103
tos-alisg-avt-0068/34e991a17f0f2e8bbdb360706e407634,gendizlaros,SAYA AKAN UP SIAPA PUN TODAK TERKECUALI OKE ZEN NETIZEN 🤣#fyppppppppppppppppppppppp #padahariini #fyp #banyuwangi #fypシ゚ ,43,15,359,15,4,28.078,DJREMIX_SONIA_HRM Meylien,Meylien💫,False,2026-06-04T12:02:20.000Z,https://www.tiktok.com/@gendizlaros/video/7647509385874263317
tos-alisg-avt-0068/f87ccd98d7e7e1be2985f490918420d4,netizen.berkomen,Lagu Udin pernah viral #udin #browniestranstv #transtv #viral ,6,2,348,1,0,60.535,suara asli - abayke✌️,abayke✌️,False,2026-06-04T12:05:41.000Z,https://www.tiktok.com/@netizen.berkomen/video/7647510251754786069
tos-alisg-avt-0068/3a10df50f35710b9f4682f7966a683db,libragirl.84,Tutor melepas lagu ini dari ingatan😭🤯 #fyp #fyppppppppppp #Sragen24jam #bahlil #mbg ,35,4,347,15,3,14.515,suara asli - MbakJawa! 𓏲ּ𝄢,MbakJawa! 𓏲ּ𝄢,False,2026-05-31T10:53:45.000Z,https://www.tiktok.com/@libragirl.84/video/7646007376671296786
tos-alisg-avt-0068/8423a8429f43a669014025548286c544,malakyut1_1,MBG: Mas Bahlil Ganteng 🙏🏻😭✨ maaf ya Pak #bahlil #bahlillahadalia #vokaliz_netizen #masbahlilganteng ,21,0,339,6,3,52.338,MBG (Mas Bahlil Ganteng),MAMAN FVNKY,False,2026-05-25T14:19:33.000Z,https://www.tiktok.com/@malakyut1_1/video/7643833905547709717
tos-alisg-avt-0068/aab6a9a9a2daa4f9b6ffe21a84df3dab,igar_elshaka,MBG (MAS BAHLIL GANTENG) [QMUNK AMSTRONG] #remix #dj #mbg #musik #masbahlilganteng ,20,0,329,3,3,67.412,suara asli - IGAR,IGAR,False,2026-06-02T01:37:53.000Z,https://www.tiktok.com/@igar_elshaka/video/7646606256509160712
tos-alisg-avt-0068/d5f9dd921b0b4abd0cabaf689b5d3321,endangkurniaone19,#mbg #lagubahlilpviral,4,0,328,1,1,8.01,suara asli - GouwLie,GouwLie,False,2026-06-02T06:05:45.000Z,https://www.tiktok.com/@endangkurniaone19/video/7646675335924206855
tos-alisg-avt-0068/2cd3f32e05fae1a5931c0cf292f57761,nettunet,"Fenomena lagu MBG menunjukkan betapa kuatnya pengaruh media sosial. Dalam hitungan hari, satu lagu bisa dikenal jutaan orang. Karena itu, penting bagi kita untuk membedakan hiburan, opini, dan fakta. Kritik tetap penting dalam demokrasi. Namun sebelum membagikan informasi, pastikan dulu kebenarannya. Bijak bermedia sosial bukan soal membatasi pendapat, tetapi memastikan informasi yang kita sebarkan tidak menyesatkan. #BijakBermediaSosial #LiterasiDigital #MBG #CekFaktaDulu #SaringSebelumSharing ",6,0,327,0,1,104.1,suara asli - NET2NETNEWS 📡🌏,NET2NETNEWS 📡🌏,False,2026-06-04T04:52:55.000Z,https://www.tiktok.com/@nettunet/video/7647398716642544917
tos-alisg-avt-0068/c8bf285bbdea5e5030144537ee0a3b67,imel.imelda95,Lagu mas bahlil ganteng #mbg #fyp ,7,0,325,0,0,27.004,suara asli - BajuAnak Cewek|Cowok💕AlviMita,BajuAnak Cewek|Cowok💕AlviMita,False,2026-06-02T14:31:35.000Z,https://www.tiktok.com/@imel.imelda95/video/7646805539594226945
tos-alisg-avt-0068/fd0947b48695519fce2fcd2536362b62,endangsugiatman75,Pemerintah Memastikan Tidak akan menaikkan harga BBM Bersubsidi #creatorsearchinsights #purbayayudhisadewa #bbm #fypage ,23,0,321,6,0,98.067,suara asli - Star Sugishop,Star Sugishop,False,2026-04-06T23:15:16.000Z,https://www.tiktok.com/@endangsugiatman75/video/7625788772319366418
tos-alisg-avt-0068/4b3ad80362514e99c3ea78f67b398a15,hafizindah2,#fypシ゚ #trend #mbgcore #mbgmasbahlilganteng  huhu versi mas Hafiz ,4,2,320,0,1,13.76,suara asli - <4uliaww_🐢>,<4uliaww_🐢>,False,2026-06-01T11:48:33.000Z,https://www.tiktok.com/@hafizindah2/video/7646392582204820756
tos-alisg-avt-0068/e626ffafa5e27ae9aa6d42c3187e5f21,ekki.34,mbg ni bos Bahlil#bahlil#mbgbsibcabibabbtnbbm#fyp,12,0,319,1,2,30.927,suara asli - Erulkh,Erulkh,False,2026-06-03T04:34:44.000Z,https://www.tiktok.com/@ekki.34/video/7647022946871037202
tos-maliva-avt-0068/604e5ce8955e131a6bfc6d4b3eac50fd,dwi_ayu13,Sudah Makan MBG hari ini. #mbg  #lagumbgviral #fyp ,12,0,318,0,0,41.25,Mbg Mas Bahlil Ganteng,Libbie Cupps,False,2026-06-03T03:01:55.000Z,https://www.tiktok.com/@dwi_ayu13/video/7646999017225800967
tos-alisg-avt-0068/8d09a5a44df65864a08fb42f59895c02,mrnews024,BBM bersubsidi tdk akan naik sampai akhir 2026 ,9,0,311,0,0,60.1,The Victory,Amanda Rosa,False,2026-04-06T15:12:33.000Z,https://www.tiktok.com/@mrnews024/video/7625664372823657749
tos-alisg-avt-0068/a7830c9d1dea4c59abe23fc5788da7fc,cesper75,pasukan MBG ini 😂😂#fyp #fyptiktok #berandatiktok #fyppppppppppppppppppppppp #kocakngakak ,22,0,303,2,1,40.666,Mbg Mas Bahlil Ganteng,MR EWIK,False,2026-06-04T11:50:59.000Z,https://www.tiktok.com/@cesper75/video/7647506463522589972
tos-alisg-avt-0068/693c4043bcd8d40d6aebc9c8eeea7717,t1tisan_ultraman,ijin cover min @VOKALIZ_NETIZEN  😁 #mbg  #mylittleboluketan ,7,0,287,0,0,20.6,suara asli - Titisan_ultramen,Titisan_ultramen,False,2026-05-28T22:20:30.000Z,https://www.tiktok.com/@t1tisan_ultraman/video/7645071079249317138
tos-alisg-avt-0068/a70e0fed02d4968404f7ce3be3ad8f67,putri.mega910,Buah apa yang paling manis?🙈 #mbg #mbgcore ,12,0,276,2,0,15.093,Kanda My little Bolu Ketan,VOKALIZ_NETIZEN,False,2026-06-01T14:45:10.000Z,https://www.tiktok.com/@putri.mega910/video/7646438099056200980
tos-alisg-avt-0068/0503ce18d3487d7759ec6d14fe3c3d71,menjemputberkahgaskeun,"Pernah merasa dunia ini sangat tidak adil? Habib Jafar menjelaskan alasan mendalam mengapa Tuhan menciptakan Surga dan Neraka sebagai simbol keadilan tertinggi. Selain itu, ada tips dari Habib untuk mengatasi overthinking dan pentingnya meluruskan niat dalam perjalanan spiritual. Simak obrolan mendalam antara Bilal Faranov dan Habib Jafar di podcast Suara Berkelas. Tonton video lengkapnya di sini: Https://youtu.be/CB8VcQW2XQ8?si=kM3ykYqOh1r6VtvX #HabibJafar #SuaraBerkelas #SelfImprovement #Spiritualitas #LogikaAgama     ",13,0,275,0,3,55.2,suara asli - MBG,MBG,False,2026-04-14T11:11:43.000Z,https://www.tiktok.com/@menjemputberkahgaskeun/video/7628570996303203605
tos-alisg-avt-0068/b395578938d6277b653be6454fcf83f2,wln_sty,#CapCut #bahlil #mbg #4upage #mbgcore ,17,0,269,0,1,46.959,suara asli - Novi,Novi,False,2026-05-27T00:41:17.000Z,https://www.tiktok.com/@wln_sty/video/7644365196215160085
tos-maliva-avt-0068/7307208144189390853,siboy8010,,15,1,269,1,0,138.252,suara asli - SI BOY,SI BOY,False,2026-04-06T14:48:53.000Z,https://www.tiktok.com/@siboy8010/video/7625658287647690002
tos-alisg-avt-0068/837769134f1e4d2047bc60e7f8298299,oklithio,"awal live jembatan baru ga pnya tripot ,ada yg baik beliin tripot maksh netizen sampe saat ini saya masih live pantau jalur #jembatanbaru #pemda #tangerangkotakabupaten #LeicaLiveMoment_ID @xiaomi.indonesia ",1,0,265,0,0,17.485,suara asli - tiktok tok,tiktok tok,False,2026-06-04T12:44:41.000Z,https://www.tiktok.com/@oklithio/video/7647520161498434833
tos-alisg-avt-0068/d84c533fe71b6eb7f8c063cdaeec6a71,natur3237,#mbg#laguMBG#LaguMBGViral#MasBahlilGanteng#fyppppppppppppppppppppppp ,1,0,260,0,0,9.048,Mbg Mas Bahlil Ganteng,Libbie Cupps,False,2026-06-01T02:38:02.000Z,https://www.tiktok.com/@natur3237/video/7646250702792150293
tos-maliva-avt-0068/f0246333c36615bd858a8aaa7f866a91,aniraayu,MBG #CapCut  #mbg #viral #lucu ,6,0,259,0,0,26.64,suara asli - DuniaFilter,DuniaFilter,False,2026-06-01T14:11:23.000Z,https://www.tiktok.com/@aniraayu/video/7646429385620278549
tos-alisg-avt-0068/6abb44a6631fb00cddb9baf08737eb1e,ytta_arzly,pengen di sapa @_ikyikyyy @andrastyt @Gared No Weak 🜲 X JBALWIKOBRA @alok @Asep Rocky @AxeGOD @Ben Gaje @BUDI01 GAMING @DEJET FF @Denz Kece @Dikaw @Flado @FOXZY FF @FT Dimz_uhuy 👑 @FT nugroho @FT OM ERWIN @GAL  X9💫 @Garena Free Fire ID @HANX @Japarr @kamil @mega @MiawAug @NEON FF @Qiiii_ @Rahn @RUOK FF @Ryuuuforrrmee_ @STM | Aldi Tv @STM | Mr Tauseef  #fyppp #keorangnya #rameeeeeeeeeeeeeeeeee #mampirbang #fypシ ,5,0,257,0,0,76.464,AING DORIH ROCKY MY BODY BOXING MEDAN,𝘼𝙄𝙉𝙂 𝘿𝙊𝙍𝙄𝙃,False,2026-04-09T13:47:47.000Z,https://www.tiktok.com/@ytta_arzly/video/7626755797766180117
tos-alisg-avt-0068/95e612066b5ab9ca3c8c56559b22e26a,aries_aries_84,anjaaay ini lagu jadi ter-ngiang ngiang dimana mana 🤦‍♂️🤦‍♂️🤦‍♂️ #mbg #masbahlilganteng #mood ,17,0,256,0,3,13.75,suara asli - Muhammad Fauzi,Muhammad Fauzi,False,2026-05-29T19:19:26.000Z,https://www.tiktok.com/@aries_aries_84/video/7645395520994741511
tos-alisg-avt-0068/67206759538f49c45ccf41c7a835fd29,logcatttt,#laguviral #mbg #iduladha #kucingtiktok #bahlil ,7,0,256,1,2,14.8,suara asli - Mr Apply,Mr Apply,False,2026-05-30T23:08:41.000Z,https://www.tiktok.com/@logcatttt/video/7645825662879567124
tos-alisg-avt-0068/adc5b4c1727670f9cef0154f6fafc3cc,asrofal74,mbg mas bahlil ganteng#fypppppppppppppppppppp #foryoupageofficiall 🫪🫪,4,0,252,1,0,19.1,Mbg Mas Bahlil Ganteng,Libbie Cupps,False,2026-05-29T04:21:04.000Z,https://www.tiktok.com/@asrofal74/video/7645164012292001045
tos-useast2a-avt-0068-giso/43c53e1dbbed1ae06448778c50eef669,fardhanmukky,BAWAIN LAGU MBG #mbg  #lagumbg ,20,0,251,8,1,31.7,suara asli - fardhan mukky,fardhan mukky,False,2026-05-30T11:42:51.000Z,https://www.tiktok.com/@fardhanmukky/video/7645648923780025608
tos-alisg-avt-0068/6abb44a6631fb00cddb9baf08737eb1e,ytta_arzly,kok jadi kangen jaman - jaman itu yah jadi keinget vibesnya 🫀🙂‍↕️😔 #dirumahaja #vibesold #vibes2020 #fypシ ,9,0,236,0,2,23.0,suara asli - ytta = yg tupai tupai aja 😹,ytta = yg tupai tupai aja 😹,False,2026-04-04T23:50:04.000Z,https://www.tiktok.com/@ytta_arzly/video/7625055558231461140
tos-alisg-avt-0068/0503ce18d3487d7759ec6d14fe3c3d71,menjemputberkahgaskeun,"Iblis Dibakar, Bertanya diGAMPAR 😁  Video ini merupakan diskusi mendalam dalam seri ""Escape"" yang menghadirkan Ustaz Felix Siauw bersama Raymond Chin, Koi, dan Verren. Percakapan ini mengupas tuntas konsep takdir dari perspektif Islam, menjawab kegelisahan tentang mengapa manusia dilahirkan dalam kondisi yang berbeda-beda (kaya, miskin, fisik yang berbeda). Ustaz Felix menjelaskan bahwa takdir adalah area hidup yang tidak bisa kita pilih, namun setiap kondisi tersebut (baik kelebihan maupun kekurangan) hakikatnya adalah ujian. Fokus utama diskusi ini adalah bagaimana manusia seharusnya menyikapi takdir dengan penerimaan (ridho) sambil tetap memaksimalkan ikhtiar pada hal-hal yang masih bisa diubah. Link Video:  Https://youtu.be/2YN32Nk1x4k?si=XhwsGczDXfRCvo7g #RaymondChin #FelixSiauw #viral #fyp #fyppppppppppppppppppppppp   ",8,0,236,0,0,43.515,suara asli - MBG,MBG,False,2026-04-17T09:37:28.000Z,https://www.tiktok.com/@menjemputberkahgaskeun/video/7629659967255022868
tos-alisg-avt-0068/6abb44a6631fb00cddb9baf08737eb1e,ytta_arzly,,8,0,235,0,0,20.016,AING DORIH ROCKY MY BODY BOXING MEDAN,𝘼𝙄𝙉𝙂 𝘿𝙊𝙍𝙄𝙃,False,2026-04-09T07:19:52.000Z,https://www.tiktok.com/@ytta_arzly/video/7626655788941069588
tos-alisg-avt-0068/183aa9c80e3c689d8e59c72c60d3cbdb,ibuguru096,Trend MBG #MBG #fyp #foryou ,6,3,234,2,0,12.679,suara asli - AdindaBahlil,AdindaBahlil,False,2026-05-31T07:04:05.000Z,https://www.tiktok.com/@ibuguru096/video/7645948160484920584
tos-alisg-avt-0068/678f8977249c17a82c88790d1b8cca86,ro.wa.mu,Akhirnya teracuni oleh lagu mbg bahlil ganteng bjir #mbg #lagumbg ,4,0,230,0,0,15.042,suara asli - yayuuuu,yayuuuu,False,2026-05-31T13:55:41.000Z,https://www.tiktok.com/@ro.wa.mu/video/7646054260437749013
tos-alisg-avt-0068/b5ae9e4528fd1fa94b54ff643d8a5da0,candrahenri03,MBG ( Mas buahhlill ganteng) #tiktokviral #fyp #laguviralmbg#mbg ,5,0,228,0,0,23.667,suara asli - candra_hs,candra_hs,False,2026-06-02T23:06:12.000Z,https://www.tiktok.com/@candrahenri03/video/7646938270277864725
tos-alisg-avt-0068/e93a9271dc82c95d8786ec5daa26325b,arman_ngabito,Rutinitas kakandaa Bahlil ganteng 🔥 #ClippALL #clippers #bahlillahadalia #bahlilganteng #fyp ,3,0,228,0,0,49.967,suara asli - ClippALL,ClippALL,False,2026-06-04T08:47:45.000Z,https://www.tiktok.com/@arman_ngabito/video/7647459190352514311
tos-alisg-avt-0068/e5eebae53ed50fae200186e60c4644e2,songstory71,berisik - usulan cara baru beli elpiji 3kg,3,0,224,2,1,21.76,suara asli - STORY&SONG,STORY&SONG,False,2026-04-07T04:59:46.000Z,https://www.tiktok.com/@songstory71/video/7625877522630135060
tos-alisg-avt-0068/09502909d969d9a846f52240f143f78b,rendipedriandry,mbg  #mbg #lagubahlilmbg #astreagrandindonesia #grand #astreagrand ,43,0,219,0,3,28.68,suara asli - Irwan Arzuna Samba,Irwan Arzuna Samba,False,2026-06-03T00:25:30.000Z,https://www.tiktok.com/@rendipedriandry/video/7646958737592192276
tos-alisg-avt-0068/6a75b88c7e6a4cb02401dac518a6435d,gabbycitra_,#mbg #fyp #fyppppppppppppppppppppppp ,2,0,217,0,0,15.067,suara asli - gafkingstore,gafkingstore,False,2026-05-31T13:00:00.000Z,https://www.tiktok.com/@gabbycitra_/video/7646009711040531732
tos-alisg-avt-0068/0503ce18d3487d7759ec6d14fe3c3d71,menjemputberkahgaskeun,"rasulullah salat sampai bengkak Video ini merupakan diskusi mendalam dalam seri ""Escape"" yang menghadirkan Ustaz Felix Siauw bersama Raymond Chin, Koi, dan Verren. Percakapan ini mengupas tuntas konsep takdir dari perspektif Islam, menjawab kegelisahan tentang mengapa manusia dilahirkan dalam kondisi yang berbeda-beda (kaya, miskin, fisik yang berbeda). Ustaz Felix menjelaskan bahwa takdir adalah area hidup yang tidak bisa kita pilih, namun setiap kondisi tersebut (baik kelebihan maupun kekurangan) hakikatnya adalah ujian. Fokus utama diskusi ini adalah bagaimana manusia seharusnya menyikapi takdir dengan penerimaan (ridho) sambil tetap memaksimalkan ikhtiar pada hal-hal yang masih bisa diubah. Link Video: Https://youtu.be/2YN32Nk1x4k?si=XhwsGczDXfRCvo7g #RaymondChin #FelixSiauw #podcast  #viral #fyp",22,0,214,0,2,66.688,suara asli - MBG,MBG,False,2026-04-17T15:12:41.000Z,https://www.tiktok.com/@menjemputberkahgaskeun/video/7629746350036831508
tos-alisg-avt-0068/68250a92bb3c25c44dbcba4c0bde95c4,aleasandria1,Izin mas bahlil🙏🏻#mbg #bahlil #trendingsong #u4page #fypシ ,14,0,208,2,0,19.034,Mbg Mas Bahlil Ganteng,MR EWIK,False,2026-06-03T12:45:27.000Z,https://www.tiktok.com/@aleasandria1/video/7647149411797093640
tos-alisg-avt-0068/f896400a50e939ff6764d0c5c8b13f5e,ferriadeirawan,"Bakat Terkini ""Sudah Hafal Lagu MBG"" Alhamdulillah 🤲 #fyp #mbg #trend #liriklagu ",1,0,128,0,0,14.745,suara asli - UcokAp✓,UcokAp✓,False,2026-06-04T03:05:11.000Z,https://www.tiktok.com/@ferriadeirawan/video/7647370956515642645
tos-alisg-avt-0068/60725bd3337c36de3055d9b3fb309c32,ai06845,#CapCut #fyppppppppppppppppppppppp #foryoupage ,19,1,104,0,1,23.011,Mbg Mas Bahlil Ganteng,MR EWIK,False,2026-06-04T01:42:56.000Z,https://www.tiktok.com/@ai06845/video/7647349767516867848
tos-alisg-avt-0068/84d2cf3da33abc9586653ca432591e66,ompuber,Kiyowooo MBG💋 #fyp ,5,0,91,0,0,15.239,suara asli - 𝙁𝙄𝙏𝙊 || 𝕰𝖒𝖕𝖎𝖗𝖊 ++,𝙁𝙄𝙏𝙊 || 𝕰𝖒𝖕𝖎𝖗𝖊 ++,False,2026-06-04T07:11:44.000Z,https://www.tiktok.com/@ompuber/video/7647434502456773909
tos-alisg-avt-0068/006c4aa40676a858d21b34767ec91ea9,akunaslijekowi,#mbg #mbgmasbahilganteng  #fypシ゚viral #fffffffffffyyyyyyyyyyypppppppppppp #lewatberandafyp ,2,0,69,0,0,17.857,Mbg Mas Bahlil Ganteng,MR EWIK,False,2026-06-03T05:11:06.000Z,https://www.tiktok.com/@akunaslijekowi/video/7647032310671478023
tos-alisg-avt-0068/3a3895b1b7e34cf05151fd13f76da7dc,netiz62,,0,0,28,0,0,44.867,suara asli - Wawan90,Wawan90,False,2026-06-04T11:10:35.000Z,https://www.tiktok.com/@netiz62/video/7647496057030446357
